trust_code,trust_name,baseline_score,baseline_rank,no_estates_score,no_estates_rank,no_estates_rank_movement,percentile_score,percentile_rank,percentile_rank_movement,complete_case_score,complete_case_rank,complete_case_rank_movement,baseline_top_decile_flag,no_estates_top_decile_flag,percentile_top_decile_flag,complete_case_top_decile_flag
RXQ,BUCKINGHAMSHIRE HEALTHCARE NHS TRUST,1.0272831182329505,1,1.0142570852458825,1,0,75.04916420845625,2,1,1.0177850453436437,1,0,True,True,True,True
RCB,YORK AND SCARBOROUGH TEACHING HOSPITALS NHS FOUNDATION TRUST,0.8178401027860062,2,1.0053874057896692,2,0,79.32515654919008,1,-1,0.8086214049423518,2,0,True,True,True,True
RCF,AIREDALE NHS FOUNDATION TRUST,0.7163733164717545,3,-0.290512982214451,88,85,51.76991150442478,56,53,0.7077558758221546,3,0,True,False,False,True
RCX,THE QUEEN ELIZABETH HOSPITAL KING'S LYNN NHS FOUNDATION TRUST,0.7122039243927442,4,0.4936245785996438,10,6,71.91559281685038,3,-1,0.7032307056182928,4,0,True,True,True,True
RAJ,MID AND SOUTH ESSEX NHS FOUNDATION TRUST,0.6622339624599026,5,0.9646034024874286,3,-2,66.68219220617917,10,5,0.6537669593241838,5,0,True,True,True,True
R1K,LONDON NORTH WEST UNIVERSITY HEALTHCARE NHS TRUST,0.6526891720449178,6,0.2905915806288631,30,24,67.33038348082596,8,2,0.6465316296832674,6,0,True,False,True,True
RAX,KINGSTON HOSPITAL NHS FOUNDATION TRUST,0.6185212508001986,7,0.7731783021825528,5,-2,59.18723800652072,24,17,0.6135096313324887,7,0,True,True,False,True
RA9,TORBAY AND SOUTH DEVON NHS FOUNDATION TRUST,0.6000152739742378,8,0.7744655437163644,4,-4,68.1092480463696,6,-2,0.5922546526064189,8,0,True,True,True,True
RD1,ROYAL UNITED HOSPITALS BATH NHS FOUNDATION TRUST,0.584744070866462,9,0.7288377574043182,6,-3,64.30031568597009,14,5,0.5747827635658221,9,0,True,True,False,True
RJ6,CROYDON HEALTH SERVICES NHS TRUST,0.5196843908172158,10,0.214663643037268,38,28,55.13377839879936,38,28,0.5165598634343574,10,0,True,False,False,True
RYR,UNIVERSITY HOSPITALS SUSSEX NHS FOUNDATION TRUST,0.4782712257941268,11,0.6454921230285211,7,-4,65.85545722713864,12,1,0.47016935039286833,11,0,True,True,True,True
RYJ,IMPERIAL COLLEGE HEALTHCARE NHS TRUST,0.4587165099883925,12,-0.2035443629992228,79,67,52.515137401024695,52,40,0.45271387789895234,12,0,True,False,False,True
RKE,WHITTINGTON HEALTH NHS TRUST,0.4548831851313064,13,0.10292519149648753,49,36,59.22734565026135,23,10,0.4505205699670182,13,0,False,False,False,False
RC9,BEDFORDSHIRE HOSPITALS NHS FOUNDATION TRUST,0.4210836346304698,14,0.36902635237557424,25,11,68.36153806344771,5,-9,0.41502237225108846,14,0,False,False,True,False
RP5,DONCASTER AND BASSETLAW TEACHING HOSPITALS NHS FOUNDATION TRUST,0.416731783786236,15,0.4224263446585616,17,2,69.23226207110696,4,-11,0.41047219238814137,15,0,False,False,True,False
RBT,THE MID CHESHIRE HOSPITALS NHS FOUNDATION TRUST,0.4108060280516614,16,0.3777100849053433,24,8,66.7430005692698,9,-7,0.40342919334531446,16,0,False,False,True,False
RBD,DORSET COUNTY HOSPITAL NHS FOUNDATION TRUST,0.4053284853066121,17,0.4232580783792249,16,-1,67.45846918180406,7,-10,0.39960469165894863,17,0,False,False,True,False
RJR,COUNTESS OF CHESTER HOSPITAL NHS FOUNDATION TRUST,0.3910766067861073,18,0.4833750893708638,12,-6,64.49956010971381,13,-5,0.38214832759966627,18,0,False,True,False,False
RN3,GREAT WESTERN HOSPITALS NHS FOUNDATION TRUST,0.3689115449926139,19,0.6415917120659334,8,-11,62.57439321016406,17,-2,0.3616545733784075,20,1,False,True,False,False
RVV,EAST KENT HOSPITALS UNIVERSITY NHS FOUNDATION TRUST,0.3686035009802269,20,0.26350607828818007,34,14,62.69859752626403,15,-5,0.36385812880987195,19,-1,False,False,False,False
RXK,SANDWELL AND WEST BIRMINGHAM HOSPITALS NHS TRUST,0.3638404783272335,21,0.3853365730188555,23,2,59.11866687367387,25,4,0.3606961574851899,21,0,False,False,False,False
RNQ,KETTERING GENERAL HOSPITAL NHS FOUNDATION TRUST,0.3509145720561714,22,0.45403537205589634,14,-8,55.423588469699325,36,14,0.34790934005728835,22,0,False,False,False,False
RTK,ASHFORD AND ST. PETER'S HOSPITALS NHS FOUNDATION TRUST,0.3486444915648747,23,0.30481631682602717,28,5,66.60456450861669,11,-12,0.3423177482113749,23,0,False,False,True,False
RAS,THE HILLINGDON HOSPITALS NHS FOUNDATION TRUST,0.3149540377159436,24,0.06292679392827003,57,33,56.506494850696065,33,9,0.3111914323506679,24,0,False,False,False,False
RF4,"BARKING, HAVERING AND REDBRIDGE UNIVERSITY HOSPITALS NHS TRUST",0.3130514588551973,25,0.49270054258777024,11,-14,58.28546291983647,28,3,0.3088294402132057,25,0,False,True,False,False
RL4,THE ROYAL WOLVERHAMPTON NHS TRUST,0.3126003944063477,26,0.5017520371454041,9,-17,59.957046007348765,21,-5,0.30700506776808256,26,0,False,True,False,False
RXW,SHREWSBURY AND TELFORD HOSPITAL NHS TRUST,0.3040263225681758,27,0.45756521912067427,13,-14,51.25368731563422,59,32,0.2953140664163814,27,0,False,False,False,False
RTP,SURREY AND SUSSEX HEALTHCARE NHS TRUST,0.3019370695620958,28,0.29806800903950575,29,1,54.39243388707757,43,15,0.293663278982441,28,0,False,False,False,False
RM3,NORTHERN CARE ALLIANCE NHS FOUNDATION TRUST,0.2658024178412821,29,0.4278068815128524,15,-14,62.610619469026545,16,-13,0.2601169594518562,29,0,False,False,False,False
RQX,HOMERTON HEALTHCARE NHS FOUNDATION TRUST,0.2611894076015504,30,-0.043988867534864265,64,34,51.75309216995291,57,27,0.25918472689480104,30,0,False,False,False,False
RVW,NORTH TEES AND HARTLEPOOL NHS FOUNDATION TRUST,0.2592995012880958,31,0.13803659424536768,42,11,57.60880815608342,30,-1,0.2553725259951459,31,0,False,False,False,False
RWE,UNIVERSITY HOSPITALS OF LEICESTER NHS TRUST,0.2461741430233951,32,0.3941092192174548,20,-12,59.97904052165813,20,-12,0.2384063688156819,32,0,False,False,False,False
RMC,BOLTON NHS FOUNDATION TRUST,0.2431187303661951,33,0.08950908169198313,53,20,61.93655229519226,18,-15,0.23734743724560156,33,0,False,False,False,False
RXN,LANCASHIRE TEACHING HOSPITALS NHS FOUNDATION TRUST,0.2353865059296488,34,0.40511770886321496,19,-15,60.11359519743311,19,-15,0.2286645899171306,34,0,False,False,False,False
RAL,ROYAL FREE LONDON NHS FOUNDATION TRUST,0.2312205062918773,35,0.31294586757574705,27,-8,57.46131553071469,31,-4,0.2271446580555666,35,0,False,False,False,False
RRK,UNIVERSITY HOSPITALS BIRMINGHAM NHS FOUNDATION TRUST,0.185094183671405,36,0.14393175119994467,41,5,58.3346271282927,27,-9,0.17716109663441948,37,1,False,False,False,False
RJ2,THE LEWISHAM AND GREENWICH NHS TRUST,0.1809274765144859,37,0.3155418406369776,26,-11,52.31201159240283,54,17,0.177983044850298,36,-1,False,False,False,False
RQM,CHELSEA AND WESTMINSTER HOSPITAL NHS FOUNDATION TRUST,0.1742669305581042,38,0.3909853129423708,22,-16,49.3414583656782,66,28,0.17094092835384314,38,0,False,False,False,False
RWA,HULL UNIVERSITY TEACHING HOSPITALS NHS TRUST,0.1639086130537191,39,0.2756726045635499,31,-8,55.02898100708999,39,0,0.15670297194213434,39,0,False,False,False,False
RA2,ROYAL SURREY COUNTY HOSPITAL NHS FOUNDATION TRUST,0.1528155546811328,40,0.24355053762930315,36,-4,58.91942244993013,26,-14,0.14710463877602045,41,1,False,False,False,False
RLQ,WYE VALLEY NHS TRUST,0.1524334864852915,41,0.3916719011421357,21,-20,53.288826786730844,50,9,0.14674588822335255,42,1,False,False,False,False
RN7,DARTFORD AND GRAVESHAM NHS TRUST,0.1512827405578407,42,0.4139370929330612,18,-24,54.071572737152614,47,5,0.14725303770448728,40,-2,False,False,False,False
RTH,OXFORD UNIVERSITY HOSPITALS NHS FOUNDATION TRUST,0.1426226766922517,43,0.13479837050065774,43,0,50.78015836050303,61,18,0.13695959793746695,43,0,False,False,False,False
RJL,NORTHERN LINCOLNSHIRE AND GOOLE NHS FOUNDATION TRUST,0.1384523404467401,44,0.2755131916550254,32,-12,59.81214097189877,22,-22,0.1350245635818648,44,0,False,False,False,False
RJN,EAST CHESHIRE NHS TRUST,0.1216301988382089,45,0.2704960779087449,33,-12,44.612637789163166,82,37,0.11439714271089492,45,0,False,False,False,False
RQW,THE PRINCESS ALEXANDRA HOSPITAL NHS TRUST,0.1139783400865961,46,0.04245943489456723,60,14,55.89711742483052,35,-11,0.1098765810317875,46,0,False,False,False,False
RN5,HAMPSHIRE HOSPITALS NHS FOUNDATION TRUST,0.0982914378870243,47,0.09639072522365255,50,3,54.706826062205664,40,-7,0.09215622815944023,47,0,False,False,False,False
RK5,SHERWOOD FOREST HOSPITALS NHS FOUNDATION TRUST,0.0697346846095325,48,0.06973468460953292,56,8,54.663872069554415,42,-6,,,,False,False,False,
RBK,WALSALL HEALTHCARE NHS TRUST,0.0697137014743981,49,0.2100758480111835,39,-10,44.3487036174507,83,34,0.06579929067082352,48,-1,False,False,False,False
RX1,NOTTINGHAM UNIVERSITY HOSPITALS NHS TRUST,0.0639696508013949,50,-0.09670382445479957,70,20,52.993841535993376,51,1,0.058001442596789,49,-1,False,False,False,False
RXL,BLACKPOOL TEACHING HOSPITALS NHS FOUNDATION TRUST,0.061284689288838,51,0.23558741513926976,37,-14,54.23329710707447,46,-5,0.057272401970666804,50,-1,False,False,False,False
RBN,MERSEY AND WEST LANCASHIRE TEACHING HOSPITALS NHS TRUST,0.0598500370345248,52,0.25829226360676943,35,-17,51.96656833824975,55,3,0.05419077796875927,51,-1,False,False,False,False
RA7,UNIVERSITY HOSPITALS BRISTOL AND WESTON NHS FOUNDATION TRUST,0.0578509789254308,53,0.13395988950805277,44,-9,53.76364953682141,48,-5,0.05172393220264976,52,-1,False,False,False,False
RWP,WORCESTERSHIRE ACUTE HOSPITALS NHS TRUST,0.0445633996706572,54,0.11592257801611032,47,-7,54.70553226724629,41,-13,0.0400212822203783,53,-1,False,False,False,False
RWJ,STOCKPORT NHS FOUNDATION TRUST,0.0430835864851211,55,0.08219871478743741,54,-1,55.164829477824355,37,-18,0.03742528011414403,54,-1,False,False,False,False
RH8,ROYAL DEVON UNIVERSITY HEALTHCARE NHS FOUNDATION TRUST,0.0332704728428512,56,0.0557670505835016,59,3,54.28375511049009,44,-12,0.02767425751133375,55,-1,False,False,False,False
R1F,ISLE OF WIGHT NHS TRUST,0.0190059167755774,57,0.0946358415271669,51,-6,54.25141023650573,45,-12,0.01429924701407953,56,-1,False,False,False,False
REM,LIVERPOOL UNIVERSITY HOSPITALS NHS FOUNDATION TRUST,0.009344319794303,58,0.1817466249530753,40,-18,49.24312994876572,67,9,0.00354734338530834,57,-1,False,False,False,False
RBL,WIRRAL UNIVERSITY TEACHING HOSPITAL NHS FOUNDATION TRUST,0.0028794211105554,59,0.07728969057120523,55,-4,48.38146250582208,70,11,-0.0035895882000639423,58,-1,False,False,False,False
RDE,EAST SUFFOLK AND NORTH ESSEX NHS FOUNDATION TRUST,-0.0001097061620507,60,0.05634908357860635,58,-2,53.5682864979558,49,-11,-0.0046788523131572795,59,-1,False,False,False,False
R0D,UNIVERSITY HOSPITALS DORSET NHS FOUNDATION TRUST,-0.0148618544785789,61,0.09170858624762382,52,-9,49.50059514568133,64,3,-0.020619828558482378,60,-1,False,False,False,False
RXP,COUNTY DURHAM AND DARLINGTON NHS FOUNDATION TRUST,-0.0190099712165249,62,0.12330563076983839,45,-17,49.19784712518759,68,6,-0.02299092371695982,61,-1,False,False,False,False
RTG,UNIVERSITY HOSPITALS OF DERBY AND BURTON NHS FOUNDATION TRUST,-0.0283479459156788,63,0.11231655040749514,48,-15,49.408735703565696,65,2,-0.032878082026949494,62,-1,False,False,False,False
REF,ROYAL CORNWALL HOSPITALS NHS TRUST,-0.036991865483795,64,0.0395173144188389,61,-3,52.41034000931533,53,-11,-0.04071424404549453,63,-1,False,False,False,False
RXR,EAST LANCASHIRE HOSPITALS NHS TRUST,-0.0390730169122331,65,0.11728138130082984,46,-19,47.12130621539098,74,9,-0.0427128090238601,64,-1,False,False,False,False
RPA,MEDWAY NHS FOUNDATION TRUST,-0.0527362449259217,66,-0.15684556833769975,76,10,51.39471096620607,58,-8,-0.05457065864519772,65,-1,False,False,False,False
RRF,"WRIGHTINGTON, WIGAN AND LEIGH NHS FOUNDATION TRUST",-0.0560724449615996,67,0.01094416131531104,62,-5,56.47285618175232,34,-33,-0.05756806397726869,66,-1,False,False,False,False
RGR,WEST SUFFOLK NHS FOUNDATION TRUST,-0.0602626088989272,68,-0.3752248772543171,95,27,44.784712518760024,80,12,-0.06428241084998891,67,-1,False,False,False,False
RDU,FRIMLEY HEALTH NHS FOUNDATION TRUST,-0.1005257997336733,69,-0.07839254685632627,68,-1,51.2291052114061,60,-9,-0.10303382584717376,68,-1,False,False,False,False
RAE,BRADFORD TEACHING HOSPITALS NHS FOUNDATION TRUST,-0.1122657538196144,70,-0.12994165279863332,73,3,49.85768255446877,63,-7,-0.11589445950632911,69,-1,False,False,False,False
RGN,NORTH WEST ANGLIA NHS FOUNDATION TRUST,-0.124758262553415,71,-0.05216699829614896,65,-6,49.879677068778136,62,-9,-0.12832153720865885,70,-1,False,False,False,False
RXC,EAST SUSSEX HEALTHCARE NHS TRUST,-0.1329492054828568,72,-0.29200630674644856,89,17,47.250685711328465,73,1,-0.13622802793653588,71,-1,False,False,False,False
RHW,ROYAL BERKSHIRE NHS FOUNDATION TRUST,-0.1344226944816936,73,-0.3601570644233699,93,20,56.71091445427728,32,-41,-0.13748724729735476,72,-1,False,False,False,False
RJE,UNIVERSITY HOSPITALS OF NORTH MIDLANDS NHS TRUST,-0.1370483527396802,74,-0.005998594871916074,63,-11,41.32122341251358,90,16,-0.14179006315327927,73,-1,False,False,False,False
RTE,GLOUCESTERSHIRE HOSPITALS NHS FOUNDATION TRUST,-0.1406347720946561,75,-0.08505768768498836,69,-6,46.85478445375977,76,1,-0.14627400867246843,74,-1,False,False,False,False
RNZ,SALISBURY NHS FOUNDATION TRUST,-0.1955094763690111,76,-0.276145522602421,86,10,45.29834911763184,79,3,-0.20040306211438663,75,-1,False,False,False,False
RWW,WARRINGTON AND HALTON TEACHING HOSPITALS NHS FOUNDATION TRUST,-0.1960659885741855,77,-0.14991885744132677,75,-2,42.079387258707236,88,11,-0.20067911908313127,76,-1,False,False,False,False
R1H,BARTS HEALTH NHS TRUST,-0.2023685339115253,78,-0.39522652311296796,96,18,47.45251772499094,72,-6,-0.20465704346569216,77,-1,False,False,False,False
RMP,TAMESIDE AND GLOSSOP INTEGRATED CARE NHS FOUNDATION TRUST,-0.2319608433373385,79,-0.23447854424007505,82,3,48.4784971277752,69,-10,-0.23514968347996498,78,-1,False,False,False,False
RJ7,ST GEORGE'S UNIVERSITY HOSPITALS NHS FOUNDATION TRUST,-0.2352716901602933,80,-0.2804100755115063,87,7,44.775655954044396,81,1,-0.23937240999386847,79,-1,False,False,False,False
RK9,UNIVERSITY HOSPITALS PLYMOUTH NHS TRUST,-0.2384985022427736,81,-0.19823656288395458,78,-3,39.14894167572323,95,14,-0.24296433492376646,80,-1,False,False,False,False
RM1,NORFOLK AND NORWICH UNIVERSITY HOSPITALS NHS FOUNDATION TRUST,-0.2403201602966142,82,-0.06731971752777346,66,-16,39.26797081198572,94,12,-0.24325805306529932,81,-1,False,False,False,False
RFS,CHESTERFIELD ROYAL HOSPITAL NHS FOUNDATION TRUST,-0.2416617602145107,83,-0.07682365230299686,67,-16,42.665476375304046,86,3,-0.24446018799051025,82,-1,False,False,False,False
RKB,UNIVERSITY HOSPITALS COVENTRY AND WARWICKSHIRE NHS TRUST,-0.2435885530355062,84,-0.10387480736255861,72,-12,46.78233193603478,77,-7,-0.24673907876619128,83,-1,False,False,False,False
RWD,UNITED LINCOLNSHIRE TEACHING HOSPITALS NHS TRUST,-0.2529049116501061,85,-0.3096181603780027,90,5,57.827459504217764,29,-56,-0.254610940902208,84,-1,False,False,False,False
RCD,HARROGATE AND DISTRICT NHS FOUNDATION TRUST,-0.2666826333216824,86,-0.25349475890751205,84,-2,47.59224758060342,71,-15,-0.2699044325842914,85,-1,False,False,False,False
RHU,PORTSMOUTH HOSPITALS UNIVERSITY NHS TRUST,-0.2668843546691888,87,-0.10344871998828405,71,-16,41.05987683071987,91,4,-0.27095514718963737,86,-1,False,False,False,False
RNS,NORTHAMPTON GENERAL HOSPITAL NHS TRUST,-0.2737671490619405,88,-0.2116618862674029,81,-7,41.98235263675412,89,1,-0.2767816907413014,87,-1,False,False,False,False
RVJ,NORTH BRISTOL NHS TRUST,-0.2769907732316116,89,-0.17468757100503848,77,-12,42.88412772343839,85,-4,-0.2834273394120999,89,0,False,False,False,False
RD8,MILTON KEYNES UNIVERSITY HOSPITAL NHS FOUNDATION TRUST,-0.2818231483284325,90,-0.2517278207112971,83,-7,44.01619831289137,84,-6,-0.2832032800297493,88,-2,False,False,False,False
RNN,NORTH CUMBRIA INTEGRATED CARE NHS FOUNDATION TRUST,-0.286862381530118,91,-0.14666795705295763,74,-17,35.32060239093308,100,9,-0.29074360410010397,90,-1,False,False,False,False
RGT,CAMBRIDGE UNIVERSITY HOSPITALS NHS FOUNDATION TRUST,-0.2971483891227957,92,-0.42690797527452257,98,6,42.45846918180406,87,-5,-0.30038110389942824,91,-1,False,False,False,False
RFR,THE ROTHERHAM NHS FOUNDATION TRUST,-0.3056587616669496,93,-0.20405593405720995,80,-13,36.59757801583604,99,6,-0.30923972819940954,92,-1,False,False,False,False
RH5,SOMERSET NHS FOUNDATION TRUST,-0.3237908832511091,94,-0.4361245714912726,99,5,40.66526936811054,92,-2,-0.32644868137394556,93,-1,False,False,False,False
RFF,BARNSLEY HOSPITAL NHS FOUNDATION TRUST,-0.3247624413019374,95,-0.25710768023091757,85,-10,35.140764891579984,101,6,-0.3281727209968239,94,-1,False,False,False,False
RR7,GATESHEAD HEALTH NHS FOUNDATION TRUST,-0.335443644158077,96,-0.41659566368279827,97,1,47.03203436319412,75,-21,-0.3384070072835123,95,-1,False,False,False,False
RVR,EPSOM AND ST HELIER UNIVERSITY HOSPITALS NHS TRUST,-0.3520399159130808,97,-0.7201006477101835,106,9,38.63401128189204,96,-1,-0.3538698069717498,96,-1,False,False,False,False
R0A,MANCHESTER UNIVERSITY NHS FOUNDATION TRUST,-0.3578442569852562,98,-0.35725196332811415,92,-6,40.511307767944935,93,-5,-0.3596480954275551,97,-1,False,False,False,False
RJC,SOUTH WARWICKSHIRE UNIVERSITY NHS FOUNDATION TRUST,-0.3944121337897319,99,-0.44381677288226895,100,1,38.4257102934327,97,-2,-0.3968024378515362,98,-1,False,False,False,False
RXF,MID YORKSHIRE TEACHING NHS TRUST,-0.3967938299408566,100,-0.3439856170698373,91,-9,34.140661387983236,104,4,-0.39905834730318723,99,-1,False,False,False,False
RR8,LEEDS TEACHING HOSPITALS NHS TRUST,-0.4487665173840724,101,-0.489881375302185,102,1,34.769445738239405,102,1,-0.4514897980876969,100,-1,False,False,False,False
RTR,SOUTH TEES HOSPITALS NHS FOUNDATION TRUST,-0.4506330340577472,102,-0.37498427843843607,94,-8,33.70982766651141,105,3,-0.45250791035144977,101,-1,False,False,False,False
RJZ,KING'S COLLEGE HOSPITAL NHS FOUNDATION TRUST,-0.5058141573501646,103,-0.45558959387723474,101,-2,30.92428711897739,107,4,-0.5078688876543197,102,-1,False,False,False,False
RWG,WEST HERTFORDSHIRE TEACHING HOSPITALS NHS TRUST,-0.5549155034227368,104,-0.7714801680721521,108,4,46.20918076903172,78,-26,-0.5539939205461193,103,-1,False,False,False,False
RLT,GEORGE ELIOT HOSPITAL NHS TRUST,-0.5552303119788199,105,-0.5240455625793737,103,-2,34.43176525384256,103,-2,-0.5560517047746593,104,-1,False,False,False,False
RWF,MAIDSTONE AND TUNBRIDGE WELLS NHS TRUST,-0.5582086637070017,106,-0.5460396070162835,104,-2,30.457227138643066,108,2,-0.5575118746238683,105,-1,False,False,False,False
RHM,UNIVERSITY HOSPITAL SOUTHAMPTON NHS FOUNDATION TRUST,-0.5599915403771383,107,-0.7056786566083303,105,-2,37.760699684314034,98,-9,-0.5627419321584736,106,-1,False,False,False,False
RHQ,SHEFFIELD TEACHING HOSPITALS NHS FOUNDATION TRUST,-0.6551561860152327,108,-0.7408179373801942,107,-1,29.73451327433628,110,2,,,,False,False,False,
R0B,SOUTH TYNESIDE AND SUNDERLAND NHS FOUNDATION TRUST,-0.7822381648755319,109,-0.8577150724067575,109,0,29.158256999430733,112,3,-0.7830472180991305,107,-2,False,False,False,False
RJ1,GUY'S AND ST THOMAS' NHS FOUNDATION TRUST,-0.8141896834328591,110,-1.09446049272988,112,2,29.54251410236506,111,1,-0.8146113402742493,108,-2,False,False,False,False
RTD,THE NEWCASTLE UPON TYNE HOSPITALS NHS FOUNDATION TRUST,-0.8372766416567131,111,-0.9639200965120966,110,-1,25.24582104228122,113,2,-0.8377368592958926,109,-2,False,False,False,False
RRV,UNIVERSITY COLLEGE LONDON HOSPITALS NHS FOUNDATION TRUST,-0.9032581156766052,112,-1.2205215958929498,114,2,30.331729027583705,109,-3,-0.9017874019179769,110,-2,False,False,False,False
RTF,NORTHUMBRIA HEALTHCARE NHS FOUNDATION TRUST,-0.950947711882768,113,-1.0208226821559414,111,-2,32.64503441494592,106,-7,-0.9488952792503333,111,-2,False,False,False,False
RWY,CALDERDALE AND HUDDERSFIELD NHS FOUNDATION TRUST,-1.0602343664695193,114,-1.1472058920793144,113,-1,19.198623402163225,114,0,-1.0586004876218478,112,-2,False,False,False,False
