trust_code,trust_name,provider_type_source,rvpi_rank,rvpi_z,rvpi_percentile,cluster,components_available
RP6,MOORFIELDS EYE HOSPITAL NHS FOUNDATION TRUST,ACUTE - SPECIALIST,1,1.5149674404064373,100.0,2,6
RCF,AIREDALE NHS FOUNDATION TRUST,ACUTE - SMALL,2,1.217831519725928,99.23076923076923,1,6
RXQ,BUCKINGHAMSHIRE HEALTHCARE NHS TRUST,ACUTE - MULTI-SERVICE,3,0.7901381056247136,98.46153846153847,1,6
RCX,THE QUEEN ELIZABETH HOSPITAL KING'S LYNN NHS FOUNDATION TRUST,ACUTE - SMALL,4,0.7683308339625223,97.6923076923077,1,6
RYJ,IMPERIAL COLLEGE HEALTHCARE NHS TRUST,ACUTE - TEACHING,5,0.7594211870729649,96.92307692307692,1,6
R1K,LONDON NORTH WEST UNIVERSITY HEALTHCARE NHS TRUST,ACUTE - TEACHING,6,0.6772433744332357,96.15384615384616,1,6
RCB,YORK AND SCARBOROUGH TEACHING HOSPITALS NHS FOUNDATION TRUST,ACUTE - TEACHING,7,0.6072445706065259,95.38461538461539,1,6
RD1,ROYAL UNITED HOSPITALS BATH NHS FOUNDATION TRUST,ACUTE - MEDIUM,8,0.6025337206548662,94.61538461538461,1,6
RKE,WHITTINGTON HEALTH NHS TRUST,ACUTE - MULTI-SERVICE,9,0.532479883511291,93.84615384615384,1,6
RBT,THE MID CHESHIRE HOSPITALS NHS FOUNDATION TRUST,ACUTE - SMALL,10,0.5284957769648002,93.07692307692308,1,6
RTP,SURREY AND SUSSEX HEALTHCARE NHS TRUST,ACUTE - MEDIUM,11,0.5270767645375661,92.3076923076923,1,6
RMC,BOLTON NHS FOUNDATION TRUST,ACUTE - MEDIUM,12,0.4945516401140467,91.53846153846153,1,6
RJR,COUNTESS OF CHESTER HOSPITAL NHS FOUNDATION TRUST,ACUTE - SMALL,13,0.4848831269028883,90.76923076923077,1,6
RA9,TORBAY AND SOUTH DEVON NHS FOUNDATION TRUST,ACUTE - MULTI-SERVICE,14,0.47861882892921076,90.0,1,6
RYR,UNIVERSITY HOSPITALS SUSSEX NHS FOUNDATION TRUST,ACUTE - TEACHING,15,0.4680472813372267,89.23076923076924,1,6
RTK,ASHFORD AND ST. PETER'S HOSPITALS NHS FOUNDATION TRUST,ACUTE - MEDIUM,16,0.4663697505673563,88.46153846153845,1,6
RXW,SHREWSBURY AND TELFORD HOSPITAL NHS TRUST,ACUTE - MEDIUM,17,0.46340611928360226,87.6923076923077,1,6
RAJ,MID AND SOUTH ESSEX NHS FOUNDATION TRUST,ACUTE - LARGE,18,0.4510456221248549,86.92307692307692,1,6
RRK,UNIVERSITY HOSPITALS BIRMINGHAM NHS FOUNDATION TRUST,ACUTE - TEACHING,19,0.4492302932270246,86.15384615384616,1,6
RX1,NOTTINGHAM UNIVERSITY HOSPITALS NHS TRUST,ACUTE - TEACHING,20,0.43312569420344293,85.38461538461539,1,6
RC9,BEDFORDSHIRE HOSPITALS NHS FOUNDATION TRUST,ACUTE - MEDIUM,21,0.42885416533870857,84.61538461538461,1,6
RP5,DONCASTER AND BASSETLAW TEACHING HOSPITALS NHS FOUNDATION TRUST,ACUTE - TEACHING,22,0.41941466559958585,83.84615384615385,1,6
RVV,EAST KENT HOSPITALS UNIVERSITY NHS FOUNDATION TRUST,ACUTE - TEACHING,23,0.4080669320235555,83.07692307692308,1,6
RJ6,CROYDON HEALTH SERVICES NHS TRUST,ACUTE - MEDIUM,24,0.3953492895317952,82.3076923076923,1,6
RAS,THE HILLINGDON HOSPITALS NHS FOUNDATION TRUST,ACUTE - SMALL,25,0.3918993920959102,81.53846153846153,1,6
RBD,DORSET COUNTY HOSPITAL NHS FOUNDATION TRUST,ACUTE - SMALL,26,0.373746155258229,80.76923076923077,1,6
RWE,UNIVERSITY HOSPITALS OF LEICESTER NHS TRUST,ACUTE - TEACHING,27,0.37005956357566805,80.0,1,6
RWA,HULL UNIVERSITY TEACHING HOSPITALS NHS TRUST,ACUTE - TEACHING,28,0.3682419754039737,79.23076923076923,1,6
RN5,HAMPSHIRE HOSPITALS NHS FOUNDATION TRUST,ACUTE - LARGE,29,0.3623198631233601,78.46153846153847,1,6
RAX,KINGSTON HOSPITAL NHS FOUNDATION TRUST,ACUTE - MEDIUM,30,0.3613187101470907,77.6923076923077,1,6
RTH,OXFORD UNIVERSITY HOSPITALS NHS FOUNDATION TRUST,ACUTE - TEACHING,31,0.3498476122970087,76.92307692307693,1,6
RJN,EAST CHESHIRE NHS TRUST,ACUTE - SMALL,32,0.3427762311163665,76.15384615384615,1,6
RQX,HOMERTON HEALTHCARE NHS FOUNDATION TRUST,ACUTE - TEACHING,33,0.3388620977189543,75.38461538461539,1,6
RGR,WEST SUFFOLK NHS FOUNDATION TRUST,ACUTE - SMALL,34,0.3274370847605704,74.61538461538461,1,6
RN3,GREAT WESTERN HOSPITALS NHS FOUNDATION TRUST,ACUTE - MEDIUM,35,0.3138818480805126,73.84615384615385,1,6
RVW,NORTH TEES AND HARTLEPOOL NHS FOUNDATION TRUST,ACUTE - MEDIUM,36,0.30764795847189125,73.07692307692307,1,6
RBL,WIRRAL UNIVERSITY TEACHING HOSPITAL NHS FOUNDATION TRUST,ACUTE - TEACHING,37,0.2873225837184665,72.3076923076923,1,6
RM3,NORTHERN CARE ALLIANCE NHS FOUNDATION TRUST,ACUTE - TEACHING,38,0.27627115365409466,71.53846153846153,1,6
RWJ,STOCKPORT NHS FOUNDATION TRUST,ACUTE - MEDIUM,39,0.26730036528068124,70.76923076923077,1,6
RA7,UNIVERSITY HOSPITALS BRISTOL AND WESTON NHS FOUNDATION TRUST,ACUTE - TEACHING,40,0.2634202587520311,70.0,1,6
RJL,NORTHERN LINCOLNSHIRE AND GOOLE NHS FOUNDATION TRUST,ACUTE - MEDIUM,41,0.2609319693507845,69.23076923076923,1,6
RXN,LANCASHIRE TEACHING HOSPITALS NHS FOUNDATION TRUST,ACUTE - TEACHING,42,0.25792617931539913,68.46153846153847,1,6
RL4,THE ROYAL WOLVERHAMPTON NHS TRUST,ACUTE - LARGE,43,0.25658831703944895,67.6923076923077,1,6
RA2,ROYAL SURREY COUNTY HOSPITAL NHS FOUNDATION TRUST,ACUTE - MEDIUM,44,0.25586097293190374,66.92307692307692,1,6
RH8,ROYAL DEVON UNIVERSITY HEALTHCARE NHS FOUNDATION TRUST,ACUTE - LARGE,45,0.24886730012844507,66.15384615384615,1,6
RXK,SANDWELL AND WEST BIRMINGHAM HOSPITALS NHS TRUST,ACUTE - LARGE,46,0.2413027475803432,65.38461538461539,1,6
RQW,THE PRINCESS ALEXANDRA HOSPITAL NHS TRUST,ACUTE - SMALL,47,0.22242910014066583,64.61538461538461,1,6
R0D,UNIVERSITY HOSPITALS DORSET NHS FOUNDATION TRUST,ACUTE - TEACHING,48,0.19834493972254474,63.84615384615384,1,6
RTE,GLOUCESTERSHIRE HOSPITALS NHS FOUNDATION TRUST,ACUTE - LARGE,49,0.19295073963056672,63.07692307692307,1,6
RVR,EPSOM AND ST HELIER UNIVERSITY HOSPITALS NHS TRUST,ACUTE - TEACHING,50,0.19288507713305933,62.30769230769231,1,6
RNZ,SALISBURY NHS FOUNDATION TRUST,ACUTE - SMALL,51,0.1869390547828942,61.53846153846154,1,6
RXC,EAST SUSSEX HEALTHCARE NHS TRUST,ACUTE - LARGE,52,0.18509566015649562,60.76923076923077,1,6
RWP,WORCESTERSHIRE ACUTE HOSPITALS NHS TRUST,ACUTE - LARGE,53,0.1731848582760508,60.0,1,6
RLQ,WYE VALLEY NHS TRUST,ACUTE - MULTI-SERVICE,54,0.17104766080382125,59.23076923076923,1,6
RK5,SHERWOOD FOREST HOSPITALS NHS FOUNDATION TRUST,ACUTE - MEDIUM,55,0.16430488536475465,58.46153846153847,,5
REM,LIVERPOOL UNIVERSITY HOSPITALS NHS FOUNDATION TRUST,ACUTE - TEACHING,56,0.15419773906393341,57.692307692307686,1,6
RF4,"BARKING, HAVERING AND REDBRIDGE UNIVERSITY HOSPITALS NHS TRUST",ACUTE - TEACHING,57,0.14876426195416648,56.92307692307692,1,6
RAL,ROYAL FREE LONDON NHS FOUNDATION TRUST,ACUTE - TEACHING,58,0.14775242152296578,56.15384615384615,1,6
RDE,EAST SUFFOLK AND NORTH ESSEX NHS FOUNDATION TRUST,ACUTE - LARGE,59,0.1460130834998485,55.38461538461539,1,6
R1H,BARTS HEALTH NHS TRUST,ACUTE - TEACHING,60,0.14422442887882853,54.61538461538461,1,6
R1F,ISLE OF WIGHT NHS TRUST,ACUTE - MULTI-SERVICE,61,0.14256015677445963,53.84615384615385,1,6
RBN,MERSEY AND WEST LANCASHIRE TEACHING HOSPITALS NHS TRUST,ACUTE - TEACHING,62,0.13648811078241174,53.07692307692308,1,6
RPA,MEDWAY NHS FOUNDATION TRUST,ACUTE - MEDIUM,63,0.1346703557450879,52.307692307692314,1,6
RGT,CAMBRIDGE UNIVERSITY HOSPITALS NHS FOUNDATION TRUST,ACUTE - TEACHING,64,0.13167991224620282,51.53846153846153,1,6
RNQ,KETTERING GENERAL HOSPITAL NHS FOUNDATION TRUST,ACUTE - SMALL,65,0.125263213922249,50.76923076923077,1,6
RVJ,NORTH BRISTOL NHS TRUST,ACUTE - LARGE,66,0.12365257596154645,50.0,1,6
RGN,NORTH WEST ANGLIA NHS FOUNDATION TRUST,ACUTE - LARGE,67,0.116822067256985,49.23076923076923,1,6
RK9,UNIVERSITY HOSPITALS PLYMOUTH NHS TRUST,ACUTE - TEACHING,68,0.11492574851697268,48.46153846153846,1,6
RWD,UNITED LINCOLNSHIRE TEACHING HOSPITALS NHS TRUST,ACUTE - LARGE,69,0.11451031236139518,47.69230769230769,1,6
RBK,WALSALL HEALTHCARE NHS TRUST,ACUTE - SMALL,70,0.11005110250114573,46.92307692307692,1,6
RWW,WARRINGTON AND HALTON TEACHING HOSPITALS NHS FOUNDATION TRUST,ACUTE - TEACHING,71,0.10285970940096094,46.15384615384615,1,6
RAE,BRADFORD TEACHING HOSPITALS NHS FOUNDATION TRUST,ACUTE - TEACHING,72,0.10217578035383891,45.38461538461539,1,6
RTG,UNIVERSITY HOSPITALS OF DERBY AND BURTON NHS FOUNDATION TRUST,ACUTE - TEACHING,73,0.09895618335835454,44.61538461538462,1,6
RHW,ROYAL BERKSHIRE NHS FOUNDATION TRUST,ACUTE - LARGE,74,0.09855454777649199,43.84615384615385,1,6
RJE,UNIVERSITY HOSPITALS OF NORTH MIDLANDS NHS TRUST,ACUTE - TEACHING,75,0.09381841697390701,43.07692307692308,1,6
RH5,SOMERSET NHS FOUNDATION TRUST,ACUTE - MULTI-SERVICE,76,0.0816891160045198,42.30769230769231,1,6
RJ2,THE LEWISHAM AND GREENWICH NHS TRUST,ACUTE - LARGE,77,0.07890698063756137,41.53846153846154,1,6
RDU,FRIMLEY HEALTH NHS FOUNDATION TRUST,ACUTE - LARGE,78,0.07468999815513383,40.76923076923077,1,6
RRF,"WRIGHTINGTON, WIGAN AND LEIGH NHS FOUNDATION TRUST",ACUTE - MEDIUM,79,0.07325512199306435,40.0,1,6
RN7,DARTFORD AND GRAVESHAM NHS TRUST,ACUTE - SMALL,80,0.07160719259315192,39.23076923076923,1,6
RHM,UNIVERSITY HOSPITAL SOUTHAMPTON NHS FOUNDATION TRUST,ACUTE - TEACHING,81,0.06565596696396657,38.46153846153847,1,6
RJ7,ST GEORGE'S UNIVERSITY HOSPITALS NHS FOUNDATION TRUST,ACUTE - TEACHING,82,0.06064976525600305,37.69230769230769,1,6
RXL,BLACKPOOL TEACHING HOSPITALS NHS FOUNDATION TRUST,ACUTE - TEACHING,83,0.04622840488381242,36.92307692307693,1,6
RNN,NORTH CUMBRIA INTEGRATED CARE NHS FOUNDATION TRUST,ACUTE - MEDIUM,84,0.038905222273031954,36.15384615384615,1,6
RXP,COUNTY DURHAM AND DARLINGTON NHS FOUNDATION TRUST,ACUTE - MULTI-SERVICE,85,0.03306829070702046,35.38461538461539,1,6
RMP,TAMESIDE AND GLOSSOP INTEGRATED CARE NHS FOUNDATION TRUST,ACUTE - SMALL,86,0.02325432121487726,34.61538461538461,1,6
REF,ROYAL CORNWALL HOSPITALS NHS TRUST,ACUTE - LARGE,87,0.018994562073362257,33.84615384615385,1,6
RNS,NORTHAMPTON GENERAL HOSPITAL NHS TRUST,ACUTE - MEDIUM,88,0.014342935455852418,33.07692307692307,1,6
RXR,EAST LANCASHIRE HOSPITALS NHS TRUST,ACUTE - LARGE,89,-0.002098937745901041,32.30769230769231,1,6
RFF,BARNSLEY HOSPITAL NHS FOUNDATION TRUST,ACUTE - SMALL,90,-0.0036200965884163883,31.538461538461537,1,6
RQM,CHELSEA AND WESTMINSTER HOSPITAL NHS FOUNDATION TRUST,ACUTE - TEACHING,91,-0.0057900514162553636,30.76923076923077,1,6
RFR,THE ROTHERHAM NHS FOUNDATION TRUST,ACUTE - SMALL,92,-0.013421714659780279,30.0,1,6
RR7,GATESHEAD HEALTH NHS FOUNDATION TRUST,ACUTE - MEDIUM,93,-0.018070204735069855,29.230769230769234,1,6
RHU,PORTSMOUTH HOSPITALS UNIVERSITY NHS TRUST,ACUTE - LARGE,94,-0.019155288772909538,28.46153846153846,1,6
RJC,SOUTH WARWICKSHIRE UNIVERSITY NHS FOUNDATION TRUST,ACUTE - TEACHING,95,-0.01990812877612434,27.692307692307693,1,6
RD8,MILTON KEYNES UNIVERSITY HOSPITAL NHS FOUNDATION TRUST,ACUTE - TEACHING,96,-0.029024487627638956,26.923076923076923,1,6
RWG,WEST HERTFORDSHIRE TEACHING HOSPITALS NHS TRUST,ACUTE - TEACHING,97,-0.042235940365329856,26.153846153846157,1,6
RCD,HARROGATE AND DISTRICT NHS FOUNDATION TRUST,ACUTE - SMALL,98,-0.049805361054546894,25.384615384615383,1,6
RFS,CHESTERFIELD ROYAL HOSPITAL NHS FOUNDATION TRUST,ACUTE - SMALL,99,-0.05557770023282003,24.615384615384617,1,6
R0A,MANCHESTER UNIVERSITY NHS FOUNDATION TRUST,ACUTE - TEACHING,100,-0.057108932196113106,23.846153846153847,1,6
RR8,LEEDS TEACHING HOSPITALS NHS TRUST,ACUTE - TEACHING,101,-0.07781628020585805,23.076923076923077,1,6
RXF,MID YORKSHIRE TEACHING NHS TRUST,ACUTE - TEACHING,102,-0.07834266492702083,22.30769230769231,1,6
RJ1,GUY'S AND ST THOMAS' NHS FOUNDATION TRUST,ACUTE - TEACHING,103,-0.09276886235064274,21.53846153846154,1,6
RHQ,SHEFFIELD TEACHING HOSPITALS NHS FOUNDATION TRUST,ACUTE - TEACHING,104,-0.09678594825236997,20.76923076923077,,5
RKB,UNIVERSITY HOSPITALS COVENTRY AND WARWICKSHIRE NHS TRUST,ACUTE - TEACHING,105,-0.09858232364964574,20.0,1,6
RTR,SOUTH TEES HOSPITALS NHS FOUNDATION TRUST,ACUTE - TEACHING,106,-0.11097110656980025,19.230769230769234,1,6
RJZ,KING'S COLLEGE HOSPITAL NHS FOUNDATION TRUST,ACUTE - TEACHING,107,-0.1286067082451446,18.461538461538463,1,6
RM1,NORFOLK AND NORWICH UNIVERSITY HOSPITALS NHS FOUNDATION TRUST,ACUTE - TEACHING,108,-0.13089679593268055,17.692307692307693,1,6
RRV,UNIVERSITY COLLEGE LONDON HOSPITALS NHS FOUNDATION TRUST,ACUTE - TEACHING,109,-0.15387089696797307,16.923076923076923,1,6
RTD,THE NEWCASTLE UPON TYNE HOSPITALS NHS FOUNDATION TRUST,ACUTE - TEACHING,110,-0.19984260912865928,16.153846153846153,1,6
R0B,SOUTH TYNESIDE AND SUNDERLAND NHS FOUNDATION TRUST,ACUTE - LARGE,111,-0.20796756420049478,15.384615384615385,1,6
RCU,SHEFFIELD CHILDRENS NHS FOUNDATION TRUST,ACUTE - SPECIALIST,112,-0.23226815668513676,14.615384615384617,1,6
RWF,MAIDSTONE AND TUNBRIDGE WELLS NHS TRUST,ACUTE - LARGE,113,-0.2769754871736504,13.846153846153847,1,6
RLT,GEORGE ELIOT HOSPITAL NHS TRUST,ACUTE - SMALL,114,-0.2908332698379864,13.076923076923078,1,6
REP,LIVERPOOL WOMEN'S NHS FOUNDATION TRUST,ACUTE - SPECIALIST,115,-0.3082988555504839,12.307692307692308,1,6
RET,THE WALTON CENTRE NHS FOUNDATION TRUST,ACUTE - SPECIALIST,116,-0.35392055351218055,11.538461538461538,,5
RPC,QUEEN VICTORIA HOSPITAL NHS FOUNDATION TRUST,ACUTE - SPECIALIST,117,-0.38256505156367887,10.76923076923077,1,6
RL1,ROBERT JONES AND AGNES HUNT ORTHOPAEDIC HOSPITAL NHS FOUNDATION TRUST,ACUTE - SPECIALIST,118,-0.3999106254013768,10.0,,5
RBS,ALDER HEY CHILDRENS NHS FOUNDATION TRUST,ACUTE - SPECIALIST,119,-0.42006639520684735,9.230769230769232,1,6
RWY,CALDERDALE AND HUDDERSFIELD NHS FOUNDATION TRUST,ACUTE - LARGE,120,-0.44823733095666696,8.461538461538462,1,6
RTF,NORTHUMBRIA HEALTHCARE NHS FOUNDATION TRUST,ACUTE - LARGE,121,-0.4660593379186621,7.6923076923076925,1,6
RXG,SOUTH WEST YORKSHIRE PARTNERSHIP NHS FOUNDATION TRUST,MENTAL HEALTH AND LEARNING DISABILITY,122,-0.6873228100561511,6.923076923076923,,5
RBV,THE CHRISTIE NHS FOUNDATION TRUST,ACUTE - SPECIALIST,123,-0.762797831206145,6.153846153846154,,5
RBQ,LIVERPOOL HEART AND CHEST HOSPITAL NHS FOUNDATION TRUST,ACUTE - SPECIALIST,124,-0.8461952718974104,5.384615384615385,,5
RJ8,CORNWALL PARTNERSHIP NHS FOUNDATION TRUST,MENTAL HEALTH AND LEARNING DISABILITY,125,-0.9151931648889293,4.615384615384616,,5
RAN,ROYAL NATIONAL ORTHOPAEDIC HOSPITAL NHS TRUST,ACUTE - SPECIALIST,126,-0.9202549684584966,3.8461538461538463,,5
RAT,NORTH EAST LONDON NHS FOUNDATION TRUST,MENTAL HEALTH AND LEARNING DISABILITY,127,-0.9554038091213591,3.076923076923077,,5
RW1,HAMPSHIRE AND ISLE OF WIGHT HEALTHCARE NHS FOUNDATION TRUST,MENTAL HEALTH AND LEARNING DISABILITY,128,-0.9938398636082209,2.307692307692308,1,6
RWX,BERKSHIRE HEALTHCARE NHS FOUNDATION TRUST,MENTAL HEALTH AND LEARNING DISABILITY,129,-1.20399320432787,1.5384615384615385,1,6
RNU,OXFORD HEALTH NHS FOUNDATION TRUST,MENTAL HEALTH AND LEARNING DISABILITY,130,-2.2628072785928524,0.7692307692307693,,5
G6V2S,NORTH LONDON NHS FOUNDATION TRUST,MENTAL HEALTH AND LEARNING DISABILITY,,,,,1
R1A,HEREFORDSHIRE AND WORCESTERSHIRE HEALTH AND CARE NHS TRUST,COMMUNITY,,,,,3
R1D,SHROPSHIRE COMMUNITY HEALTH NHS TRUST,COMMUNITY,,,,,3
R1L,ESSEX PARTNERSHIP UNIVERSITY NHS FOUNDATION TRUST,MENTAL HEALTH AND LEARNING DISABILITY,,,,,2
RAP,NORTH MIDDLESEX UNIVERSITY HOSPITAL NHS TRUST,ACUTE - TEACHING,,,,,1
RDR,SUSSEX COMMUNITY NHS FOUNDATION TRUST,COMMUNITY,,,,,3
RDY,DORSET HEALTHCARE UNIVERSITY NHS FOUNDATION TRUST,MENTAL HEALTH AND LEARNING DISABILITY,,,,,1
REN,CLATTERBRIDGE CANCER CENTRE NHS FOUNDATION TRUST,ACUTE - SPECIALIST,,,,,3
RGD,LEEDS AND YORK PARTNERSHIP NHS FOUNDATION TRUST,MENTAL HEALTH AND LEARNING DISABILITY,,,,,1
RGM,ROYAL PAPWORTH HOSPITAL NHS FOUNDATION TRUST,ACUTE - SPECIALIST,,,,,2
RGP,JAMES PAGET UNIVERSITY HOSPITALS NHS FOUNDATION TRUST,ACUTE - TEACHING,,,,,3
RHA,NOTTINGHAMSHIRE HEALTHCARE NHS FOUNDATION TRUST,MENTAL HEALTH AND LEARNING DISABILITY,,,,,2
RKL,WEST LONDON NHS TRUST,MENTAL HEALTH AND LEARNING DISABILITY,,,,,2
RLY,NORTH STAFFORDSHIRE COMBINED HEALTHCARE NHS TRUST,MENTAL HEALTH AND LEARNING DISABILITY,,,,,1
RMY,NORFOLK AND SUFFOLK NHS FOUNDATION TRUST,MENTAL HEALTH AND LEARNING DISABILITY,,,,,1
RNA,THE DUDLEY GROUP NHS FOUNDATION TRUST,ACUTE - MEDIUM,,,,,3
RNK,TAVISTOCK AND PORTMAN NHS FOUNDATION TRUST,MENTAL HEALTH AND LEARNING DISABILITY,,,,,1
RP1,NORTHAMPTONSHIRE HEALTHCARE NHS FOUNDATION TRUST,MENTAL HEALTH AND LEARNING DISABILITY,,,,,2
RP4,GREAT ORMOND STREET HOSPITAL FOR CHILDREN NHS FOUNDATION TRUST,ACUTE - SPECIALIST,,,,,3
RP7,LINCOLNSHIRE PARTNERSHIP NHS FOUNDATION TRUST,MENTAL HEALTH AND LEARNING DISABILITY,,,,,2
RPG,OXLEAS NHS FOUNDATION TRUST,MENTAL HEALTH AND LEARNING DISABILITY,,,,,2
RPY,THE ROYAL MARSDEN NHS FOUNDATION TRUST,ACUTE - SPECIALIST,,,,,3
RQ3,BIRMINGHAM WOMEN'S AND CHILDREN'S NHS FOUNDATION TRUST,ACUTE - SPECIALIST,,,,,3
RQY,SOUTH WEST LONDON AND ST GEORGE'S MENTAL HEALTH NHS TRUST,MENTAL HEALTH AND LEARNING DISABILITY,,,,,1
RRE,MIDLANDS PARTNERSHIP UNIVERSITY NHS FOUNDATION TRUST,MENTAL HEALTH AND LEARNING DISABILITY,,,,,3
RRJ,ROYAL ORTHOPAEDIC HOSPITAL NHS FOUNDATION TRUST,ACUTE - SPECIALIST,,,,,3
RRU,LONDON AMBULANCE SERVICE NHS TRUST,AMBULANCE,,,,,1
RT1,CAMBRIDGESHIRE AND PETERBOROUGH NHS FOUNDATION TRUST,MENTAL HEALTH AND LEARNING DISABILITY,,,,,3
RT2,PENNINE CARE NHS FOUNDATION TRUST,MENTAL HEALTH AND LEARNING DISABILITY,,,,,1
RT5,LEICESTERSHIRE PARTNERSHIP NHS TRUST,MENTAL HEALTH AND LEARNING DISABILITY,,,,,1
RTQ,GLOUCESTERSHIRE HEALTH AND CARE NHS FOUNDATION TRUST,MENTAL HEALTH AND LEARNING DISABILITY,,,,,2
RTX,UNIVERSITY HOSPITALS OF MORECAMBE BAY NHS FOUNDATION TRUST,ACUTE - TEACHING,,,,,3
RV3,CENTRAL AND NORTH WEST LONDON NHS FOUNDATION TRUST,MENTAL HEALTH AND LEARNING DISABILITY,,,,,2
RV5,SOUTH LONDON AND MAUDSLEY NHS FOUNDATION TRUST,MENTAL HEALTH AND LEARNING DISABILITY,,,,,1
RV9,HUMBER TEACHING NHS FOUNDATION TRUST,MENTAL HEALTH AND LEARNING DISABILITY,,,,,2
RVN,AVON AND WILTSHIRE MENTAL HEALTH PARTNERSHIP NHS TRUST,MENTAL HEALTH AND LEARNING DISABILITY,,,,,1
RW4,MERSEY CARE NHS FOUNDATION TRUST,MENTAL HEALTH AND LEARNING DISABILITY,,,,,3
RW5,LANCASHIRE & SOUTH CUMBRIA NHS FOUNDATION TRUST,MENTAL HEALTH AND LEARNING DISABILITY,,,,,2
RWH,EAST AND NORTH HERTFORDSHIRE NHS TRUST,ACUTE - LARGE,,,,,3
RWK,EAST LONDON NHS FOUNDATION TRUST,MENTAL HEALTH AND LEARNING DISABILITY,,,,,2
RWR,HERTFORDSHIRE PARTNERSHIP UNIVERSITY NHS FOUNDATION TRUST,MENTAL HEALTH AND LEARNING DISABILITY,,,,,1
RWV,DEVON PARTNERSHIP NHS TRUST,MENTAL HEALTH AND LEARNING DISABILITY,,,,,1
RX2,SUSSEX PARTNERSHIP NHS FOUNDATION TRUST,MENTAL HEALTH AND LEARNING DISABILITY,,,,,1
RX3,"TEES, ESK AND WEAR VALLEYS NHS FOUNDATION TRUST",MENTAL HEALTH AND LEARNING DISABILITY,,,,,1
RX4,"CUMBRIA, NORTHUMBERLAND, TYNE AND WEAR NHS FOUNDATION TRUST",MENTAL HEALTH AND LEARNING DISABILITY,,,,,3
RX6,NORTH EAST AMBULANCE SERVICE NHS FOUNDATION TRUST,AMBULANCE,,,,,1
RX7,NORTH WEST AMBULANCE SERVICE NHS TRUST,AMBULANCE,,,,,1
RX8,YORKSHIRE AMBULANCE SERVICE NHS TRUST,AMBULANCE,,,,,1
RX9,EAST MIDLANDS AMBULANCE SERVICE NHS TRUST,AMBULANCE,,,,,1
RXA,CHESHIRE AND WIRRAL PARTNERSHIP NHS FOUNDATION TRUST,MENTAL HEALTH AND LEARNING DISABILITY,,,,,1
RXE,ROTHERHAM DONCASTER AND SOUTH HUMBER NHS FOUNDATION TRUST,MENTAL HEALTH AND LEARNING DISABILITY,,,,,2
RXM,DERBYSHIRE HEALTHCARE NHS FOUNDATION TRUST,MENTAL HEALTH AND LEARNING DISABILITY,,,,,1
RXT,BIRMINGHAM AND SOLIHULL MENTAL HEALTH NHS FOUNDATION TRUST,MENTAL HEALTH AND LEARNING DISABILITY,,,,,1
RXV,GREATER MANCHESTER MENTAL HEALTH NHS FOUNDATION TRUST,MENTAL HEALTH AND LEARNING DISABILITY,,,,,1
RXX,SURREY AND BORDERS PARTNERSHIP NHS FOUNDATION TRUST,MENTAL HEALTH AND LEARNING DISABILITY,,,,,1
RXY,KENT AND MEDWAY NHS AND SOCIAL CARE PARTNERSHIP TRUST,MENTAL HEALTH AND LEARNING DISABILITY,,,,,1
RY2,BRIDGEWATER COMMUNITY HEALTHCARE NHS FOUNDATION TRUST,COMMUNITY,,,,,2
RY3,NORFOLK COMMUNITY HEALTH AND CARE NHS TRUST,COMMUNITY,,,,,2
RY4,HERTFORDSHIRE COMMUNITY NHS TRUST,COMMUNITY,,,,,2
RY5,LINCOLNSHIRE COMMUNITY HEALTH SERVICES NHS TRUST,COMMUNITY,,,,,2
RY6,LEEDS COMMUNITY HEALTHCARE NHS TRUST,COMMUNITY,,,,,2
RY7,WIRRAL COMMUNITY HEALTH AND CARE NHS FOUNDATION TRUST,COMMUNITY,,,,,2
RY8,DERBYSHIRE COMMUNITY HEALTH SERVICES NHS FOUNDATION TRUST,COMMUNITY,,,,,2
RY9,HOUNSLOW AND RICHMOND COMMUNITY HEALTHCARE NHS TRUST,COMMUNITY,,,,,1
RYA,WEST MIDLANDS AMBULANCE SERVICE UNIVERSITY NHS FOUNDATION TRUST,AMBULANCE,,,,,1
RYC,EAST OF ENGLAND AMBULANCE SERVICE NHS TRUST,AMBULANCE,,,,,1
RYD,SOUTH EAST COAST AMBULANCE SERVICE NHS FOUNDATION TRUST,AMBULANCE,,,,,1
RYE,SOUTH CENTRAL AMBULANCE SERVICE NHS FOUNDATION TRUST,AMBULANCE,,,,,1
RYF,SOUTH WESTERN AMBULANCE SERVICE NHS FOUNDATION TRUST,AMBULANCE,,,,,2
RYG,COVENTRY AND WARWICKSHIRE PARTNERSHIP NHS TRUST,MENTAL HEALTH AND LEARNING DISABILITY,,,,,1
RYV,CAMBRIDGESHIRE COMMUNITY SERVICES NHS TRUST,COMMUNITY,,,,,1
RYW,BIRMINGHAM COMMUNITY HEALTHCARE NHS FOUNDATION TRUST,COMMUNITY,,,,,3
RYX,CENTRAL LONDON COMMUNITY HEALTHCARE NHS TRUST,COMMUNITY,,,,,2
RYY,KENT COMMUNITY HEALTH NHS FOUNDATION TRUST,COMMUNITY,,,,,3
TAD,BRADFORD DISTRICT CARE NHS FOUNDATION TRUST,CARE TRUST,,,,,2
TAH,SHEFFIELD HEALTH AND SOCIAL CARE NHS FOUNDATION TRUST,CARE TRUST,,,,,1
TAJ,BLACK COUNTRY HEALTHCARE NHS FOUNDATION TRUST,MENTAL HEALTH AND LEARNING DISABILITY,,,,,1
