trust_code,trust_name,primary_rvpi_rank,primary_rvpi_z,primary_rvpi_percentile,primary_cluster,full_rvpi_rank,full_rvpi_z,full_rvpi_percentile,full_cluster,rank_change_primary_minus_full,absolute_rank_change,percentile_change_primary_minus_full,ordered_cluster_label_agrees
RXQ,BUCKINGHAMSHIRE HEALTHCARE NHS TRUST,1,1.0272831182329503,100.0,4,3,0.7901381056247136,98.46153846153847,1,-2,2,1.538461538461533,False
RCB,YORK AND SCARBOROUGH TEACHING HOSPITALS NHS FOUNDATION TRUST,2,0.8178401027860062,99.12280701754386,4,7,0.6072445706065259,95.38461538461539,1,-5,5,3.7381916329284763,False
RCF,AIREDALE NHS FOUNDATION TRUST,3,0.7163733164717545,98.24561403508771,5,2,1.217831519725928,99.23076923076923,1,1,1,-0.9851551956815143,False
RCX,THE QUEEN ELIZABETH HOSPITAL KING'S LYNN NHS FOUNDATION TRUST,4,0.7122039243927442,97.36842105263158,3,4,0.7683308339625223,97.6923076923077,1,0,0,-0.3238866396761182,False
RAJ,MID AND SOUTH ESSEX NHS FOUNDATION TRUST,5,0.6622339624599026,96.49122807017544,3,18,0.4510456221248549,86.92307692307692,1,-13,13,9.568151147098519,False
R1K,LONDON NORTH WEST UNIVERSITY HEALTHCARE NHS TRUST,6,0.6526891720449178,95.6140350877193,5,6,0.6772433744332357,96.15384615384616,1,0,0,-0.5398110661268589,False
RAX,KINGSTON HOSPITAL NHS FOUNDATION TRUST,7,0.6185212508001986,94.73684210526315,4,30,0.3613187101470907,77.6923076923077,1,-23,23,17.044534412955457,False
RA9,TORBAY AND SOUTH DEVON NHS FOUNDATION TRUST,8,0.6000152739742378,93.85964912280701,4,14,0.47861882892921076,90.0,1,-6,6,3.8596491228070136,False
RD1,ROYAL UNITED HOSPITALS BATH NHS FOUNDATION TRUST,9,0.584744070866462,92.98245614035088,3,8,0.6025337206548662,94.61538461538461,1,1,1,-1.6329284750337365,False
RJ6,CROYDON HEALTH SERVICES NHS TRUST,10,0.5196843908172158,92.10526315789474,5,24,0.3953492895317952,82.3076923076923,1,-14,14,9.797570850202433,False
RYR,UNIVERSITY HOSPITALS SUSSEX NHS FOUNDATION TRUST,11,0.47827122579412684,91.22807017543859,3,15,0.4680472813372267,89.23076923076924,1,-4,4,1.9973009446693482,False
RYJ,IMPERIAL COLLEGE HEALTHCARE NHS TRUST,12,0.45871650998839253,90.35087719298247,5,5,0.7594211870729649,96.92307692307692,1,7,7,-6.572199730094454,False
RKE,WHITTINGTON HEALTH NHS TRUST,13,0.45488318513130643,89.47368421052632,5,9,0.532479883511291,93.84615384615384,1,4,4,-4.3724696356275246,False
RC9,BEDFORDSHIRE HOSPITALS NHS FOUNDATION TRUST,14,0.4210836346304698,88.59649122807018,4,21,0.42885416533870857,84.61538461538461,1,-7,7,3.981106612685565,False
RP5,DONCASTER AND BASSETLAW TEACHING HOSPITALS NHS FOUNDATION TRUST,15,0.41673178378623604,87.71929824561403,4,22,0.41941466559958585,83.84615384615385,1,-7,7,3.8731443994601733,False
RBT,THE MID CHESHIRE HOSPITALS NHS FOUNDATION TRUST,16,0.41080602805166144,86.8421052631579,3,10,0.5284957769648002,93.07692307692308,1,6,6,-6.234817813765176,False
RBD,DORSET COUNTY HOSPITAL NHS FOUNDATION TRUST,17,0.40532848530661214,85.96491228070175,4,26,0.373746155258229,80.76923076923077,1,-9,9,5.19568151147098,False
RJR,COUNTESS OF CHESTER HOSPITAL NHS FOUNDATION TRUST,18,0.3910766067861073,85.08771929824562,3,13,0.4848831269028883,90.76923076923077,1,5,5,-5.681511470985157,False
RN3,GREAT WESTERN HOSPITALS NHS FOUNDATION TRUST,19,0.36891154499261397,84.21052631578947,3,35,0.3138818480805126,73.84615384615385,1,-16,16,10.364372469635612,False
RVV,EAST KENT HOSPITALS UNIVERSITY NHS FOUNDATION TRUST,20,0.3686035009802269,83.33333333333334,2,23,0.4080669320235555,83.07692307692308,1,-3,3,0.2564102564102626,False
RXK,SANDWELL AND WEST BIRMINGHAM HOSPITALS NHS TRUST,21,0.36384047832723354,82.45614035087719,4,46,0.2413027475803432,65.38461538461539,1,-25,25,17.071524966261805,False
RNQ,KETTERING GENERAL HOSPITAL NHS FOUNDATION TRUST,22,0.35091457205617144,81.57894736842105,4,65,0.125263213922249,50.76923076923077,1,-43,43,30.80971659919029,False
RTK,ASHFORD AND ST. PETER'S HOSPITALS NHS FOUNDATION TRUST,23,0.34864449156487476,80.7017543859649,3,16,0.4663697505673563,88.46153846153845,1,7,7,-7.759784075573549,False
RAS,THE HILLINGDON HOSPITALS NHS FOUNDATION TRUST,24,0.3149540377159436,79.82456140350878,5,25,0.3918993920959102,81.53846153846153,1,-1,1,-1.7139001349527518,False
RF4,"BARKING, HAVERING AND REDBRIDGE UNIVERSITY HOSPITALS NHS TRUST",25,0.31305145885519736,78.94736842105263,4,57,0.14876426195416648,56.92307692307692,1,-32,32,22.02429149797571,False
RL4,THE ROYAL WOLVERHAMPTON NHS TRUST,26,0.3126003944063477,78.0701754385965,4,43,0.25658831703944895,67.6923076923077,1,-17,17,10.3778677462888,False
RXW,SHREWSBURY AND TELFORD HOSPITAL NHS TRUST,27,0.30402632256817586,77.19298245614034,3,17,0.46340611928360226,87.6923076923077,1,10,10,-10.499325236167351,False
RTP,SURREY AND SUSSEX HEALTHCARE NHS TRUST,28,0.30193706956209587,76.31578947368422,3,11,0.5270767645375661,92.3076923076923,1,17,17,-15.991902834008087,False
RM3,NORTHERN CARE ALLIANCE NHS FOUNDATION TRUST,29,0.26580241784128217,75.43859649122807,4,38,0.27627115365409466,71.53846153846153,1,-9,9,3.9001349527665354,False
RQX,HOMERTON HEALTHCARE NHS FOUNDATION TRUST,30,0.26118940760155046,74.56140350877193,5,33,0.3388620977189543,75.38461538461539,1,-3,3,-0.8232118758434552,False
RVW,NORTH TEES AND HARTLEPOOL NHS FOUNDATION TRUST,31,0.25929950128809587,73.68421052631578,4,36,0.30764795847189125,73.07692307692307,1,-5,5,0.6072874493927145,False
RWE,UNIVERSITY HOSPITALS OF LEICESTER NHS TRUST,32,0.2461741430233951,72.80701754385966,3,27,0.37005956357566805,80.0,1,5,5,-7.192982456140342,False
RMC,BOLTON NHS FOUNDATION TRUST,33,0.2431187303661951,71.9298245614035,2,12,0.4945516401140467,91.53846153846153,1,21,21,-19.608636977058026,False
RXN,LANCASHIRE TEACHING HOSPITALS NHS FOUNDATION TRUST,34,0.2353865059296488,71.05263157894737,3,42,0.25792617931539913,68.46153846153847,1,-8,8,2.591093117408903,False
RAL,ROYAL FREE LONDON NHS FOUNDATION TRUST,35,0.23122050629187738,70.17543859649122,4,58,0.14775242152296578,56.15384615384615,1,-23,23,14.021592442645066,False
RRK,UNIVERSITY HOSPITALS BIRMINGHAM NHS FOUNDATION TRUST,36,0.18509418367140507,69.2982456140351,3,19,0.4492302932270246,86.15384615384616,1,17,17,-16.855600539811064,False
RJ2,THE LEWISHAM AND GREENWICH NHS TRUST,37,0.18092747651448593,68.42105263157895,4,77,0.07890698063756137,41.53846153846154,1,-40,40,26.882591093117405,False
RQM,CHELSEA AND WESTMINSTER HOSPITAL NHS FOUNDATION TRUST,38,0.17426693055810427,67.54385964912281,4,91,-0.0057900514162553636,30.76923076923077,1,-53,53,36.774628879892035,False
RWA,HULL UNIVERSITY TEACHING HOSPITALS NHS TRUST,39,0.16390861305371915,66.66666666666666,3,28,0.3682419754039737,79.23076923076923,1,11,11,-12.56410256410257,False
RA2,ROYAL SURREY COUNTY HOSPITAL NHS FOUNDATION TRUST,40,0.1528155546811328,65.78947368421053,4,44,0.25586097293190374,66.92307692307692,1,-4,4,-1.1336032388663853,False
RLQ,WYE VALLEY NHS TRUST,41,0.15243348648529156,64.91228070175438,3,54,0.17104766080382125,59.23076923076923,1,-13,13,5.68151147098515,False
RN7,DARTFORD AND GRAVESHAM NHS TRUST,42,0.15128274055784077,64.03508771929825,4,80,0.07160719259315192,39.23076923076923,1,-38,38,24.804318488529013,False
RTH,OXFORD UNIVERSITY HOSPITALS NHS FOUNDATION TRUST,43,0.14262267669225176,63.1578947368421,4,31,0.3498476122970087,76.92307692307693,1,12,12,-13.765182186234831,False
RJL,NORTHERN LINCOLNSHIRE AND GOOLE NHS FOUNDATION TRUST,44,0.13845234044674015,62.28070175438597,2,41,0.2609319693507845,69.23076923076923,1,3,3,-6.9500674763832535,False
RJN,EAST CHESHIRE NHS TRUST,45,0.12163019883820896,61.40350877192983,3,32,0.3427762311163665,76.15384615384615,1,13,13,-14.750337381916317,False
RQW,THE PRINCESS ALEXANDRA HOSPITAL NHS TRUST,46,0.11397834008659617,60.526315789473685,4,47,0.22242910014066583,64.61538461538461,1,-1,1,-4.089068825910928,False
RN5,HAMPSHIRE HOSPITALS NHS FOUNDATION TRUST,47,0.09829143788702431,59.64912280701754,3,29,0.3623198631233601,78.46153846153847,1,18,18,-18.812415654520926,False
RK5,SHERWOOD FOREST HOSPITALS NHS FOUNDATION TRUST,48,0.0697346846095325,58.77192982456141,,55,0.16430488536475465,58.46153846153847,,-7,7,0.31039136302294423,False
RBK,WALSALL HEALTHCARE NHS TRUST,49,0.06971370147439813,57.89473684210527,4,70,0.11005110250114573,46.92307692307692,1,-21,21,10.971659919028347,False
RX1,NOTTINGHAM UNIVERSITY HOSPITALS NHS TRUST,50,0.0639696508013949,57.01754385964912,3,20,0.43312569420344293,85.38461538461539,1,30,30,-28.367071524966263,False
RXL,BLACKPOOL TEACHING HOSPITALS NHS FOUNDATION TRUST,51,0.061284689288838075,56.14035087719298,4,83,0.04622840488381242,36.92307692307693,1,-32,32,19.217273954116052,False
RBN,MERSEY AND WEST LANCASHIRE TEACHING HOSPITALS NHS TRUST,52,0.059850037034524815,55.26315789473685,4,62,0.13648811078241174,53.07692307692308,1,-10,10,2.1862348178137694,False
RA7,UNIVERSITY HOSPITALS BRISTOL AND WESTON NHS FOUNDATION TRUST,53,0.057850978925430875,54.385964912280706,3,40,0.2634202587520311,70.0,1,13,13,-15.614035087719294,False
RWP,WORCESTERSHIRE ACUTE HOSPITALS NHS TRUST,54,0.044563399670657276,53.50877192982456,3,53,0.1731848582760508,60.0,1,1,1,-6.491228070175438,False
RWJ,STOCKPORT NHS FOUNDATION TRUST,55,0.04308358648512115,52.63157894736842,3,39,0.26730036528068124,70.76923076923077,1,16,16,-18.137651821862356,False
RH8,ROYAL DEVON UNIVERSITY HEALTHCARE NHS FOUNDATION TRUST,56,0.03327047284285126,51.75438596491229,3,45,0.24886730012844507,66.15384615384615,1,11,11,-14.399460188933858,False
R1F,ISLE OF WIGHT NHS TRUST,57,0.019005916775577465,50.877192982456144,4,61,0.14256015677445963,53.84615384615385,1,-4,4,-2.9689608636977027,False
REM,LIVERPOOL UNIVERSITY HOSPITALS NHS FOUNDATION TRUST,58,0.009344319794303021,50.0,3,56,0.15419773906393341,57.692307692307686,1,2,2,-7.692307692307686,False
RBL,WIRRAL UNIVERSITY TEACHING HOSPITAL NHS FOUNDATION TRUST,59,0.002879421110555428,49.122807017543856,3,37,0.2873225837184665,72.3076923076923,1,22,22,-23.18488529014845,False
RDE,EAST SUFFOLK AND NORTH ESSEX NHS FOUNDATION TRUST,60,-0.00010970616205078591,48.24561403508772,3,59,0.1460130834998485,55.38461538461539,1,1,1,-7.139001349527668,False
R0D,UNIVERSITY HOSPITALS DORSET NHS FOUNDATION TRUST,61,-0.014861854478578906,47.368421052631575,3,48,0.19834493972254474,63.84615384615384,1,13,13,-16.477732793522264,False
RXP,COUNTY DURHAM AND DARLINGTON NHS FOUNDATION TRUST,62,-0.01900997121652496,46.49122807017544,4,85,0.03306829070702046,35.38461538461539,1,-23,23,11.106612685560052,False
RTG,UNIVERSITY HOSPITALS OF DERBY AND BURTON NHS FOUNDATION TRUST,63,-0.02834794591567888,45.614035087719294,3,73,0.09895618335835454,44.61538461538462,1,-10,10,0.9986504723346741,False
REF,ROYAL CORNWALL HOSPITALS NHS TRUST,64,-0.03699186548379502,44.73684210526316,1,87,0.018994562073362257,33.84615384615385,1,-23,23,10.89068825910931,True
RXR,EAST LANCASHIRE HOSPITALS NHS TRUST,65,-0.039073016912233104,43.859649122807014,4,89,-0.002098937745901041,32.30769230769231,1,-24,24,11.551956815114707,False
RPA,MEDWAY NHS FOUNDATION TRUST,66,-0.05273624492592177,42.98245614035088,2,63,0.1346703557450879,52.307692307692314,1,3,3,-9.325236167341437,False
RRF,"WRIGHTINGTON, WIGAN AND LEIGH NHS FOUNDATION TRUST",67,-0.05607244496159961,42.10526315789473,2,79,0.07325512199306435,40.0,1,-12,12,2.1052631578947327,False
RGR,WEST SUFFOLK NHS FOUNDATION TRUST,68,-0.060262608898927206,41.228070175438596,2,34,0.3274370847605704,74.61538461538461,1,34,34,-33.38731443994602,False
RDU,FRIMLEY HEALTH NHS FOUNDATION TRUST,69,-0.10052579973367337,40.35087719298245,2,78,0.07468999815513383,40.76923076923077,1,-9,9,-0.4183535762483146,False
RAE,BRADFORD TEACHING HOSPITALS NHS FOUNDATION TRUST,70,-0.1122657538196144,39.473684210526315,4,72,0.10217578035383891,45.38461538461539,1,-2,2,-5.910931174089072,False
RGN,NORTH WEST ANGLIA NHS FOUNDATION TRUST,71,-0.124758262553415,38.59649122807017,2,67,0.116822067256985,49.23076923076923,1,4,4,-10.634278002699062,False
RXC,EAST SUSSEX HEALTHCARE NHS TRUST,72,-0.13294920548285685,37.719298245614034,2,52,0.18509566015649562,60.76923076923077,1,20,20,-23.049932523616732,False
RHW,ROYAL BERKSHIRE NHS FOUNDATION TRUST,73,-0.13442269448169364,36.84210526315789,1,74,0.09855454777649199,43.84615384615385,1,-1,1,-7.0040485829959565,True
RJE,UNIVERSITY HOSPITALS OF NORTH MIDLANDS NHS TRUST,74,-0.13704835273968025,35.96491228070175,3,75,0.09381841697390701,43.07692307692308,1,-1,1,-7.112010796221327,False
RTE,GLOUCESTERSHIRE HOSPITALS NHS FOUNDATION TRUST,75,-0.14063477209465616,35.08771929824561,3,49,0.19295073963056672,63.07692307692307,1,26,26,-27.989203778677464,False
RNZ,SALISBURY NHS FOUNDATION TRUST,76,-0.1955094763690111,34.21052631578947,3,51,0.1869390547828942,61.53846153846154,1,25,25,-27.327935222672068,False
RWW,WARRINGTON AND HALTON TEACHING HOSPITALS NHS FOUNDATION TRUST,77,-0.19606598857418556,33.33333333333333,3,71,0.10285970940096094,46.15384615384615,1,6,6,-12.820512820512825,False
R1H,BARTS HEALTH NHS TRUST,78,-0.2023685339115253,32.45614035087719,2,60,0.14422442887882853,54.61538461538461,1,18,18,-22.15924426450742,False
RMP,TAMESIDE AND GLOSSOP INTEGRATED CARE NHS FOUNDATION TRUST,79,-0.23196084333733857,31.57894736842105,1,86,0.02325432121487726,34.61538461538461,1,-7,7,-3.036437246963562,True
RJ7,ST GEORGE'S UNIVERSITY HOSPITALS NHS FOUNDATION TRUST,80,-0.23527169016029334,30.701754385964914,3,82,0.06064976525600305,37.69230769230769,1,-2,2,-6.990553306342779,False
RK9,UNIVERSITY HOSPITALS PLYMOUTH NHS TRUST,81,-0.2384985022427736,29.82456140350877,3,68,0.11492574851697268,48.46153846153846,1,13,13,-18.63697705802969,False
RM1,NORFOLK AND NORWICH UNIVERSITY HOSPITALS NHS FOUNDATION TRUST,82,-0.2403201602966142,28.947368421052634,4,108,-0.13089679593268055,17.692307692307693,1,-26,26,11.25506072874494,False
RFS,CHESTERFIELD ROYAL HOSPITAL NHS FOUNDATION TRUST,83,-0.24166176021451072,28.07017543859649,2,99,-0.05557770023282003,24.615384615384617,1,-16,16,3.454790823211873,False
RKB,UNIVERSITY HOSPITALS COVENTRY AND WARWICKSHIRE NHS TRUST,84,-0.24358855303550628,27.192982456140353,3,105,-0.09858232364964574,20.0,1,-21,21,7.192982456140353,False
RWD,UNITED LINCOLNSHIRE TEACHING HOSPITALS NHS TRUST,85,-0.2529049116501061,26.31578947368421,2,69,0.11451031236139518,47.69230769230769,1,16,16,-21.376518218623485,False
RCD,HARROGATE AND DISTRICT NHS FOUNDATION TRUST,86,-0.2666826333216824,25.438596491228072,1,98,-0.049805361054546894,25.384615384615383,1,-12,12,0.053981106612688734,True
RHU,PORTSMOUTH HOSPITALS UNIVERSITY NHS TRUST,87,-0.2668843546691888,24.561403508771928,3,94,-0.019155288772909538,28.46153846153846,1,-7,7,-3.900134952766532,False
RNS,NORTHAMPTON GENERAL HOSPITAL NHS TRUST,88,-0.2737671490619405,23.684210526315788,2,88,0.014342935455852418,33.07692307692307,1,0,0,-9.392712550607285,False
RVJ,NORTH BRISTOL NHS TRUST,89,-0.2769907732316116,22.807017543859647,3,66,0.12365257596154645,50.0,1,23,23,-27.192982456140353,False
RD8,MILTON KEYNES UNIVERSITY HOSPITAL NHS FOUNDATION TRUST,90,-0.2818231483284325,21.929824561403507,2,96,-0.029024487627638956,26.923076923076923,1,-6,6,-4.993252361673417,False
RNN,NORTH CUMBRIA INTEGRATED CARE NHS FOUNDATION TRUST,91,-0.28686238153011806,21.052631578947366,3,84,0.038905222273031954,36.15384615384615,1,7,7,-15.101214574898787,False
RGT,CAMBRIDGE UNIVERSITY HOSPITALS NHS FOUNDATION TRUST,92,-0.2971483891227957,20.175438596491226,2,64,0.13167991224620282,51.53846153846153,1,28,28,-31.363022941970307,False
RFR,THE ROTHERHAM NHS FOUNDATION TRUST,93,-0.30565876166694966,19.298245614035086,3,92,-0.013421714659780279,30.0,1,1,1,-10.701754385964914,False
RH5,SOMERSET NHS FOUNDATION TRUST,94,-0.32379088325110916,18.421052631578945,2,76,0.0816891160045198,42.30769230769231,1,18,18,-23.88663967611336,False
RFF,BARNSLEY HOSPITAL NHS FOUNDATION TRUST,95,-0.3247624413019374,17.543859649122805,4,90,-0.0036200965884163883,31.538461538461537,1,5,5,-13.994601889338732,False
RR7,GATESHEAD HEALTH NHS FOUNDATION TRUST,96,-0.335443644158077,16.666666666666664,1,93,-0.018070204735069855,29.230769230769234,1,3,3,-12.56410256410257,True
RVR,EPSOM AND ST HELIER UNIVERSITY HOSPITALS NHS TRUST,97,-0.35203991591308087,15.789473684210526,2,50,0.19288507713305933,62.30769230769231,1,47,47,-46.51821862348178,False
R0A,MANCHESTER UNIVERSITY NHS FOUNDATION TRUST,98,-0.35784425698525624,14.912280701754385,2,100,-0.057108932196113106,23.846153846153847,1,-2,2,-8.933873144399461,False
RJC,SOUTH WARWICKSHIRE UNIVERSITY NHS FOUNDATION TRUST,99,-0.3944121337897319,14.035087719298245,2,95,-0.01990812877612434,27.692307692307693,1,4,4,-13.657219973009449,False
RXF,MID YORKSHIRE TEACHING NHS TRUST,100,-0.39679382994085666,13.157894736842104,2,102,-0.07834266492702083,22.30769230769231,1,-2,2,-9.149797570850206,False
RR8,LEEDS TEACHING HOSPITALS NHS TRUST,101,-0.4487665173840724,12.280701754385964,3,101,-0.07781628020585805,23.076923076923077,1,0,0,-10.796221322537113,False
RTR,SOUTH TEES HOSPITALS NHS FOUNDATION TRUST,102,-0.4506330340577472,11.403508771929824,2,106,-0.11097110656980025,19.230769230769234,1,-4,4,-7.82726045883941,False
RJZ,KING'S COLLEGE HOSPITAL NHS FOUNDATION TRUST,103,-0.5058141573501646,10.526315789473683,2,107,-0.1286067082451446,18.461538461538463,1,-4,4,-7.93522267206478,False
RWG,WEST HERTFORDSHIRE TEACHING HOSPITALS NHS TRUST,104,-0.5549155034227368,9.649122807017543,2,97,-0.042235940365329856,26.153846153846157,1,7,7,-16.504723346828612,False
RLT,GEORGE ELIOT HOSPITAL NHS TRUST,105,-0.5552303119788199,8.771929824561402,4,114,-0.2908332698379864,13.076923076923078,1,-9,9,-4.304993252361676,False
RWF,MAIDSTONE AND TUNBRIDGE WELLS NHS TRUST,106,-0.5582086637070017,7.894736842105263,1,113,-0.2769754871736504,13.846153846153847,1,-7,7,-5.951417004048584,True
RHM,UNIVERSITY HOSPITAL SOUTHAMPTON NHS FOUNDATION TRUST,107,-0.5599915403771383,7.017543859649122,2,81,0.06565596696396657,38.46153846153847,1,26,26,-31.443994601889344,False
RHQ,SHEFFIELD TEACHING HOSPITALS NHS FOUNDATION TRUST,108,-0.6551561860152327,6.140350877192982,,104,-0.09678594825236997,20.76923076923077,,4,4,-14.628879892037787,False
R0B,SOUTH TYNESIDE AND SUNDERLAND NHS FOUNDATION TRUST,109,-0.7822381648755319,5.263157894736842,1,111,-0.20796756420049478,15.384615384615385,1,-2,2,-10.121457489878544,True
RJ1,GUY'S AND ST THOMAS' NHS FOUNDATION TRUST,110,-0.8141896834328591,4.385964912280701,2,103,-0.09276886235064274,21.53846153846154,1,7,7,-17.152496626180838,False
RTD,THE NEWCASTLE UPON TYNE HOSPITALS NHS FOUNDATION TRUST,111,-0.8372766416567131,3.508771929824561,2,110,-0.19984260912865928,16.153846153846153,1,1,1,-12.645074224021592,False
RRV,UNIVERSITY COLLEGE LONDON HOSPITALS NHS FOUNDATION TRUST,112,-0.9032581156766052,2.631578947368421,2,109,-0.15387089696797307,16.923076923076923,1,3,3,-14.291497975708502,False
RTF,NORTHUMBRIA HEALTHCARE NHS FOUNDATION TRUST,113,-0.9509477118827679,1.7543859649122806,1,121,-0.4660593379186621,7.6923076923076925,1,-8,8,-5.937921727395412,True
RWY,CALDERDALE AND HUDDERSFIELD NHS FOUNDATION TRUST,114,-1.0602343664695193,0.8771929824561403,1,120,-0.44823733095666696,8.461538461538462,1,-6,6,-7.584345479082321,True
