trust_code,trust_name,available_beds,occupied_beds
G6V2S,NORTH LONDON NHS FOUNDATION TRUST,0.0,0.0
R0A,MANCHESTER UNIVERSITY NHS FOUNDATION TRUST,2067.0666666666666,1865.0
R0B,SOUTH TYNESIDE AND SUNDERLAND NHS FOUNDATION TRUST,1121.3777777777775,986.1222222222224
R0D,UNIVERSITY HOSPITALS DORSET NHS FOUNDATION TRUST,1062.977777777778,1000.7111111111112
R1A,WORCESTERSHIRE HEALTH AND CARE NHS TRUST,39.0,35.82222222222222
R1F,ISLE OF WIGHT NHS TRUST,283.84444444444443,273.5444444444444
R1H,BARTS HEALTH NHS TRUST,2010.2333333333331,1788.588888888889
R1K,LONDON NORTH WEST UNIVERSITY HEALTHCARE NHS TRUST,1035.1888888888889,1005.2333333333332
R1L,ESSEX PARTNERSHIP UNIVERSITY NHS FOUNDATION TRUST,87.0,78.37777777777778
RA2,ROYAL SURREY COUNTY HOSPITAL NHS FOUNDATION TRUST,476.0,452.0
RA7,UNIVERSITY HOSPITALS BRISTOL AND WESTON NHS FOUNDATION TRUST,1021.9777777777778,960.5222222222222
RA9,TORBAY AND SOUTH DEVON NHS FOUNDATION TRUST,385.74444444444447,369.1777777777778
RAE,BRADFORD TEACHING HOSPITALS NHS FOUNDATION TRUST,616.8111111111111,582.0333333333333
RAJ,MID AND SOUTH ESSEX NHS FOUNDATION TRUST,1701.1333333333334,1684.2444444444443
RAL,ROYAL FREE LONDON NHS FOUNDATION TRUST,1410.0444444444445,1390.6444444444444
RAN,ROYAL NATIONAL ORTHOPAEDIC HOSPITAL NHS TRUST,175.0222222222222,113.67777777777778
RAS,THE HILLINGDON HOSPITALS NHS FOUNDATION TRUST,397.7,372.6555555555556
RAT,NORTH EAST LONDON NHS FOUNDATION TRUST,159.96666666666667,145.4
RAX,KINGSTON HOSPITAL NHS FOUNDATION TRUST,400.94444444444446,371.03333333333336
RBD,DORSET COUNTY HOSPITAL NHS FOUNDATION TRUST,333.03333333333336,319.47777777777776
RBK,WALSALL HEALTHCARE NHS TRUST,478.4666666666666,443.27777777777777
RBL,WIRRAL UNIVERSITY TEACHING HOSPITAL NHS FOUNDATION TRUST,785.0888888888888,724.3
RBN,ST HELENS AND KNOWSLEY HOSPITAL SERVICES NHS TRUST,1198.7888888888888,1165.6777777777777
RBQ,LIVERPOOL HEART AND CHEST HOSPITAL NHS FOUNDATION TRUST,173.37777777777777,137.32222222222222
RBS,ALDER HEY CHILDREN'S NHS FOUNDATION TRUST,203.0,151.95555555555555
RBT,MID CHESHIRE HOSPITALS NHS FOUNDATION TRUST,532.1,497.8555555555556
RBV,THE CHRISTIE NHS FOUNDATION TRUST,187.05555555555557,175.34444444444443
RC9,BEDFORDSHIRE HOSPITALS NHS FOUNDATION TRUST,1075.8666666666666,1041.4666666666667
RCB,YORK TEACHING HOSPITAL NHS FOUNDATION TRUST,838.8,831.1555555555556
RCD,HARROGATE AND DISTRICT NHS FOUNDATION TRUST,285.02222222222224,281.8111111111112
RCF,AIREDALE NHS FOUNDATION TRUST,380.2111111111111,359.14444444444445
RCU,SHEFFIELD CHILDREN'S NHS FOUNDATION TRUST,140.32222222222222,97.38888888888889
RCX,"THE QUEEN ELIZABETH HOSPITAL, KING'S LYNN, NHS FOUNDATION TRUST",489.56666666666666,487.47777777777776
RD1,ROYAL UNITED HOSPITALS BATH NHS FOUNDATION TRUST,509.76666666666665,497.1555555555556
RD8,MILTON KEYNES UNIVERSITY HOSPITAL NHS FOUNDATION TRUST,572.0,493.18888888888887
RDE,EAST SUFFOLK AND NORTH ESSEX NHS FOUNDATION TRUST,1233.2888888888888,1182.1
RDU,FRIMLEY HEALTH NHS FOUNDATION TRUST,1389.5555555555557,1240.1555555555556
RDY,DORSET HEALTHCARE UNIVERSITY NHS FOUNDATION TRUST,0.0,0.0
REF,ROYAL CORNWALL HOSPITALS NHS TRUST,673.4222222222222,671.0444444444445
REM,LIVERPOOL UNIVERSITY HOSPITALS NHS FOUNDATION TRUST,1533.6333333333334,1477.4222222222222
REN,THE CLATTERBRIDGE CANCER CENTRE NHS FOUNDATION TRUST,95.0,86.3
REP,LIVERPOOL WOMEN'S NHS FOUNDATION TRUST,22.355555555555554,14.055555555555555
RET,THE WALTON CENTRE NHS FOUNDATION TRUST,158.0,129.83333333333334
RF4,"BARKING, HAVERING AND REDBRIDGE UNIVERSITY HOSPITALS NHS TRUST",896.0,868.6444444444444
RFF,BARNSLEY HOSPITAL NHS FOUNDATION TRUST,476.74444444444447,436.44444444444446
RFR,THE ROTHERHAM NHS FOUNDATION TRUST,475.6333333333333,439.05555555555554
RFS,CHESTERFIELD ROYAL HOSPITAL NHS FOUNDATION TRUST,555.1888888888889,506.5444444444444
RGD,LEEDS AND YORK PARTNERSHIP NHS FOUNDATION TRUST,0.0,0.0
RGM,ROYAL PAPWORTH HOSPITAL NHS FOUNDATION TRUST,244.63333333333333,183.9777777777778
RGN,NORTH WEST ANGLIA NHS FOUNDATION TRUST,999.7777777777778,879.5
RGP,JAMES PAGET UNIVERSITY HOSPITALS NHS FOUNDATION TRUST,0.0,0.0
RGR,WEST SUFFOLK NHS FOUNDATION TRUST,485.8444444444444,448.03333333333336
RGT,CAMBRIDGE UNIVERSITY HOSPITALS NHS FOUNDATION TRUST,1067.588888888889,952.8777777777776
RH5,SOMERSET NHS FOUNDATION TRUST,1144.0666666666666,1015.1888888888888
RH8,ROYAL DEVON AND EXETER NHS FOUNDATION TRUST,1100.6333333333334,1041.8333333333333
RHA,NOTTINGHAMSHIRE HEALTHCARE NHS FOUNDATION TRUST,12.133333333333333,9.488888888888887
RHM,UNIVERSITY HOSPITAL SOUTHAMPTON NHS FOUNDATION TRUST,1228.9333333333334,1045.7555555555557
RHQ,SHEFFIELD TEACHING HOSPITALS NHS FOUNDATION TRUST,1517.8,1374.9
RHU,PORTSMOUTH HOSPITALS UNIVERSITY NATIONAL HEALTH SERVICE TRUST,1134.2666666666669,1070.9888888888888
RHW,ROYAL BERKSHIRE NHS FOUNDATION TRUST,612.4111111111112,611.2
RJ1,GUY'S AND ST THOMAS' NHS FOUNDATION TRUST,1216.9444444444443,1032.8111111111111
RJ2,LEWISHAM AND GREENWICH NHS TRUST,984.9,928.6
RJ6,CROYDON HEALTH SERVICES NHS TRUST,433.8555555555556,426.5111111111111
RJ7,ST GEORGE'S UNIVERSITY HOSPITALS NHS FOUNDATION TRUST,826.0,813.6111111111111
RJ8,CORNWALL PARTNERSHIP NHS FOUNDATION TRUST,57.333333333333336,56.31111111111111
RJC,SOUTH WARWICKSHIRE NHS FOUNDATION TRUST,443.9333333333333,404.25555555555553
RJE,UNIVERSITY HOSPITALS OF NORTH MIDLANDS NHS TRUST,1354.5,1261.611111111111
RJL,NORTHERN LINCOLNSHIRE AND GOOLE NHS FOUNDATION TRUST,604.7,477.6222222222222
RJN,EAST CHESHIRE NHS TRUST,307.0,281.5444444444444
RJR,COUNTESS OF CHESTER HOSPITAL NHS FOUNDATION TRUST,519.7111111111111,516.2777777777778
RJZ,KING'S COLLEGE HOSPITAL NHS FOUNDATION TRUST,1357.0,1232.0111111111112
RK5,SHERWOOD FOREST HOSPITALS NHS FOUNDATION TRUST,712.8333333333334,668.7444444444444
RK9,UNIVERSITY HOSPITALS PLYMOUTH NHS TRUST,1077.3444444444444,979.3777777777776
RKB,UNIVERSITY HOSPITALS COVENTRY AND WARWICKSHIRE NHS TRUST,1075.388888888889,1060.388888888889
RKE,WHITTINGTON HEALTH NHS TRUST,268.2111111111111,249.13333333333333
RKL,WEST LONDON MENTAL HEALTH NHS TRUST,69.41111111111111,53.91111111111111
RL1,THE ROBERT JONES AND AGNES HUNT ORTHOPAEDIC HOSPITAL NHS FOUNDATION TRUST,132.37777777777777,104.67777777777778
RL4,THE ROYAL WOLVERHAMPTON NHS TRUST,822.0777777777778,778.6
RLQ,WYE VALLEY NHS TRUST,298.24444444444447,283.43333333333334
RLT,GEORGE ELIOT HOSPITAL NHS TRUST,404.1111111111111,397.4666666666666
RLY,NORTH STAFFORDSHIRE COMBINED HEALTHCARE NHS TRUST,0.0,0.0
RM1,NORFOLK AND NORWICH UNIVERSITY HOSPITALS NHS FOUNDATION TRUST,915.5888888888888,902.6
RM3,NORTHERN CARE ALLIANCE NHS FOUNDATION TRUST,1532.7444444444443,1430.4333333333334
RMC,BOLTON NHS FOUNDATION TRUST,597.7888888888889,528.4888888888889
RMP,TAMESIDE AND GLOSSOP INTEGRATED CARE NHS FOUNDATION TRUST,449.76666666666665,421.3888888888889
RMY,NORFOLK AND SUFFOLK NHS FOUNDATION TRUST,0.0,0.0
RN3,GREAT WESTERN HOSPITALS NHS FOUNDATION TRUST,584.8777777777777,564.5666666666667
RN5,HAMPSHIRE HOSPITALS NHS FOUNDATION TRUST,858.9555555555555,775.6111111111111
RN7,DARTFORD AND GRAVESHAM NHS TRUST,556.1555555555556,523.4888888888889
RNA,THE DUDLEY GROUP NHS FOUNDATION TRUST,0.0,0.0
RNN,NORTH CUMBRIA INTEGRATED CARE NHS FOUNDATION TRUST,611.0333333333333,538.5777777777778
RNQ,KETTERING GENERAL HOSPITAL NHS FOUNDATION TRUST,526.5222222222222,512.7222222222222
RNS,NORTHAMPTON GENERAL HOSPITAL NHS TRUST,708.2444444444444,638.7555555555556
RNU,OXFORD HEALTH NHS FOUNDATION TRUST,109.37777777777778,2.022222222222222
RNZ,SALISBURY NHS FOUNDATION TRUST,448.3555555555556,419.9
RP1,NORTHAMPTONSHIRE HEALTHCARE NHS FOUNDATION TRUST,224.67777777777775,194.92222222222225
RP4,GREAT ORMOND STREET HOSPITAL FOR CHILDREN NHS FOUNDATION TRUST,216.85555555555555,174.3111111111111
RP5,DONCASTER AND BASSETLAW TEACHING HOSPITALS NHS FOUNDATION TRUST,754.7777777777778,722.8222222222222
RP6,MOORFIELDS EYE HOSPITAL NHS FOUNDATION TRUST,9.88888888888889,2.7222222222222223
RP7,LINCOLNSHIRE PARTNERSHIP NHS FOUNDATION TRUST,0.0,0.0
RPA,MEDWAY NHS FOUNDATION TRUST,595.7444444444444,521.9333333333333
RPC,QUEEN VICTORIA HOSPITAL NHS FOUNDATION TRUST,51.17777777777778,27.95555555555556
RPG,OXLEAS NHS FOUNDATION TRUST,0.0,0.0
RPY,THE ROYAL MARSDEN NHS FOUNDATION TRUST,214.2888888888889,189.2111111111111
RQ3,BIRMINGHAM WOMEN'S AND CHILDREN'S NHS FOUNDATION TRUST,0.0,0.0
RQM,CHELSEA AND WESTMINSTER HOSPITAL NHS FOUNDATION TRUST,786.1666666666666,785.4555555555555
RQW,THE PRINCESS ALEXANDRA HOSPITAL NHS TRUST,451.0,432.4
RQX,HOMERTON UNIVERSITY HOSPITAL NHS FOUNDATION TRUST,279.3,247.7555555555556
RQY,SOUTH WEST LONDON AND ST GEORGE'S MENTAL HEALTH NHS TRUST,0.0,0.0
RR7,GATESHEAD HEALTH NHS FOUNDATION TRUST,449.74444444444447,435.7111111111111
RR8,LEEDS TEACHING HOSPITALS NHS TRUST,1788.611111111111,1721.7222222222222
RRE,MIDLANDS PARTNERSHIP NHS FOUNDATION TRUST,179.0,171.8
RRF,"WRIGHTINGTON, WIGAN AND LEIGH NHS FOUNDATION TRUST",422.56666666666666,349.9
RRJ,THE ROYAL ORTHOPAEDIC HOSPITAL NHS FOUNDATION TRUST,107.8,80.43333333333334
RRK,UNIVERSITY HOSPITALS BIRMINGHAM NHS FOUNDATION TRUST,2769.0,2682.3888888888887
RRV,UNIVERSITY COLLEGE LONDON HOSPITALS NHS FOUNDATION TRUST,855.2777777777778,678.1222222222223
RT1,CAMBRIDGESHIRE AND PETERBOROUGH NHS FOUNDATION TRUST,96.05555555555556,85.57777777777778
RT2,PENNINE CARE NHS FOUNDATION TRUST,0.0,0.0
RTD,THE NEWCASTLE UPON TYNE HOSPITALS NHS FOUNDATION TRUST,1454.7777777777778,1256.1333333333334
RTE,GLOUCESTERSHIRE HOSPITALS NHS FOUNDATION TRUST,806.5222222222222,741.9666666666667
RTF,NORTHUMBRIA HEALTHCARE NHS FOUNDATION TRUST,874.6666666666666,784.0333333333333
RTG,UNIVERSITY HOSPITALS OF DERBY AND BURTON NHS FOUNDATION TRUST,1472.2111111111112,1393.8777777777775
RTH,OXFORD UNIVERSITY HOSPITALS NHS FOUNDATION TRUST,1026.1333333333334,931.6333333333332
RTK,ASHFORD AND ST PETER'S HOSPITALS NHS FOUNDATION TRUST,473.22222222222223,435.4555555555556
RTP,SURREY AND SUSSEX HEALTHCARE NHS TRUST,660.1888888888889,616.9111111111112
RTQ,GLOUCESTERSHIRE HEALTH AND CARE NHS FOUNDATION TRUST,0.0,0.0
RTR,SOUTH TEES HOSPITALS NHS FOUNDATION TRUST,956.2333333333332,849.1666666666666
RTX,UNIVERSITY HOSPITALS OF MORECAMBE BAY NHS FOUNDATION TRUST,0.0,0.0
RV3,CENTRAL AND NORTH WEST LONDON NHS FOUNDATION TRUST,73.35555555555555,68.4
RV9,HUMBER TEACHING NHS FOUNDATION TRUST,0.0,0.0
RVJ,NORTH BRISTOL NHS TRUST,993.2333333333332,958.9777777777778
RVN,AVON AND WILTSHIRE MENTAL HEALTH PARTNERSHIP NHS TRUST,0.0,0.0
RVR,EPSOM AND ST HELIER UNIVERSITY HOSPITALS NHS TRUST,707.2555555555556,605.3888888888889
RVV,EAST KENT HOSPITALS UNIVERSITY NHS FOUNDATION TRUST,1045.9888888888888,968.5444444444444
RVW,NORTH TEES AND HARTLEPOOL NHS FOUNDATION TRUST,534.0444444444445,500.3555555555556
RW1,SOUTHERN HEALTH NHS FOUNDATION TRUST,185.94444444444449,174.9777777777778
RW4,MERSEY CARE NHS FOUNDATION TRUST,0.0,0.0
RW5,LANCASHIRE CARE NHS FOUNDATION TRUST,0.0,0.0
RWA,HULL AND EAST YORKSHIRE HOSPITALS NHS TRUST,1123.8444444444444,1043.2444444444443
RWD,UNITED LINCOLNSHIRE HOSPITALS NHS TRUST,990.0,793.4
RWE,UNIVERSITY HOSPITALS OF LEICESTER NHS TRUST,1777.2333333333331,1714.3
RWF,MAIDSTONE AND TUNBRIDGE WELLS NHS TRUST,693.7777777777778,614.1555555555556
RWG,WEST HERTFORDSHIRE HOSPITALS NHS TRUST,663.0,516.0444444444445
RWH,EAST AND NORTH HERTFORDSHIRE NHS TRUST,0.0,0.0
RWJ,STOCKPORT NHS FOUNDATION TRUST,622.7888888888889,578.1555555555556
RWK,EAST LONDON NHS FOUNDATION TRUST,39.0,34.08888888888889
RWP,WORCESTERSHIRE ACUTE HOSPITALS NHS TRUST,880.9333333333333,824.6444444444444
RWR,HERTFORDSHIRE PARTNERSHIP UNIVERSITY NHS FOUNDATION TRUST,0.0,0.0
RWV,DEVON PARTNERSHIP NHS TRUST,0.0,0.0
RWW,WARRINGTON AND HALTON HOSPITALS NHS FOUNDATION TRUST,600.9222222222222,564.3
RWX,BERKSHIRE HEALTHCARE NHS FOUNDATION TRUST,38.58888888888889,34.266666666666666
RWY,CALDERDALE AND HUDDERSFIELD NHS FOUNDATION TRUST,761.4888888888889,671.8555555555556
RX1,NOTTINGHAM UNIVERSITY HOSPITALS NHS TRUST,1674.4444444444443,1503.0444444444445
RX2,SUSSEX PARTNERSHIP NHS FOUNDATION TRUST,0.0,0.0
RX3,"TEES, ESK AND WEAR VALLEYS NHS FOUNDATION TRUST",0.0,0.0
RX4,"CUMBRIA, NORTHUMBERLAND, TYNE AND WEAR NHS FOUNDATION TRUST",49.0,42.77777777777778
RXA,CHESHIRE AND WIRRAL PARTNERSHIP NHS FOUNDATION TRUST,0.0,0.0
RXC,EAST SUSSEX HEALTHCARE NHS TRUST,702.7222222222222,639.8111111111111
RXE,ROTHERHAM DONCASTER AND SOUTH HUMBER NHS FOUNDATION TRUST,56.0,51.6
RXF,MID YORKSHIRE HOSPITALS NHS TRUST,1092.2222222222222,990.0111111111112
RXG,SOUTH WEST YORKSHIRE PARTNERSHIP NHS FOUNDATION TRUST,24.0,22.45555555555556
RXK,SANDWELL AND WEST BIRMINGHAM HOSPITALS NHS TRUST,563.2555555555556,518.0666666666667
RXL,BLACKPOOL TEACHING HOSPITALS NHS FOUNDATION TRUST,738.0,722.7111111111111
RXM,DERBYSHIRE HEALTHCARE NHS FOUNDATION TRUST,0.0,0.0
RXN,LANCASHIRE TEACHING HOSPITALS NHS FOUNDATION TRUST,818.6777777777778,814.5333333333333
RXP,COUNTY DURHAM AND DARLINGTON NHS FOUNDATION TRUST,940.1222222222224,917.5555555555557
RXQ,BUCKINGHAMSHIRE HEALTHCARE NHS TRUST,475.0,474.22222222222223
RXR,EAST LANCASHIRE HOSPITALS NHS TRUST,895.2333333333333,871.6888888888889
RXT,BIRMINGHAM AND SOLIHULL MENTAL HEALTH NHS FOUNDATION TRUST,0.0,0.0
RXV,GREATER MANCHESTER MENTAL HEALTH NHS FOUNDATION TRUST,0.0,0.0
RXW,SHREWSBURY AND TELFORD HOSPITAL NHS TRUST,842.2,790.4555555555555
RXX,SURREY AND BORDERS PARTNERSHIP NHS FOUNDATION TRUST,0.0,0.0
RXY,KENT AND MEDWAY NHS AND SOCIAL CARE PARTNERSHIP TRUST,0.0,0.0
RY3,EAST OF ENGLAND COMMUNITY HEALTH AND CARE NHS TRUST,76.13333333333334,71.17777777777778
RY6,LEEDS COMMUNITY HEALTHCARE NHS TRUST,79.83333333333333,41.888888888888886
RY8,DERBYSHIRE COMMUNITY HEALTH SERVICES NHS FOUNDATION TRUST,0.0,0.0
RYG,COVENTRY AND WARWICKSHIRE PARTNERSHIP NHS TRUST,0.0,0.0
RYJ,IMPERIAL COLLEGE HEALTHCARE NHS TRUST,1038.7222222222222,1008.3555555555556
RYR,UNIVERSITY HOSPITALS SUSSEX NHS FOUNDATION TRUST,1828.0,1753.7444444444443
RYW,BIRMINGHAM COMMUNITY HEALTHCARE NHS FOUNDATION TRUST,265.05555555555554,193.7888888888889
RYX,CENTRAL LONDON COMMUNITY HEALTHCARE NHS TRUST,0.0,0.0
TAD,BRADFORD DISTRICT CARE NHS FOUNDATION TRUST,0.0,0.0
TAH,SHEFFIELD HEALTH & SOCIAL CARE NHS FOUNDATION TRUST,0.0,0.0
TAJ,BLACK COUNTRY HEALTHCARE NHS FOUNDATION TRUST,0.0,0.0
