trust_code,trust_name,provider_type_source,backlog_maintenance_cost,floor_area_m2
G6V2S,NORTH LONDON NHS FOUNDATION TRUST,MENTAL HEALTH AND LEARNING DISABILITY,24368295.0,76854.0
R0A,MANCHESTER UNIVERSITY NHS FOUNDATION TRUST,ACUTE - TEACHING,277768334.0,537714.0
R0B,SOUTH TYNESIDE AND SUNDERLAND NHS FOUNDATION TRUST,ACUTE - LARGE,95596323.0,195825.0
R0D,UNIVERSITY HOSPITALS DORSET NHS FOUNDATION TRUST,ACUTE - TEACHING,65738637.0,165981.0
R1A,HEREFORDSHIRE AND WORCESTERSHIRE HEALTH AND CARE NHS TRUST,COMMUNITY,34950045.0,77804.0
R1D,SHROPSHIRE COMMUNITY HEALTH NHS TRUST,COMMUNITY,5884406.0,29405.0
R1F,ISLE OF WIGHT NHS TRUST,ACUTE - MULTI-SERVICE,31575263.0,60998.0
R1H,BARTS HEALTH NHS TRUST,ACUTE - TEACHING,523060480.0,421665.0
R1K,LONDON NORTH WEST UNIVERSITY HEALTHCARE NHS TRUST,ACUTE - TEACHING,463212926.0,198177.0
R1L,ESSEX PARTNERSHIP UNIVERSITY NHS FOUNDATION TRUST,MENTAL HEALTH AND LEARNING DISABILITY,114932627.0,139714.0
RA2,ROYAL SURREY COUNTY HOSPITAL NHS FOUNDATION TRUST,ACUTE - MEDIUM,49785250.0,89667.0
RA7,UNIVERSITY HOSPITALS BRISTOL AND WESTON NHS FOUNDATION TRUST,ACUTE - TEACHING,120755625.0,223148.0
RA9,TORBAY AND SOUTH DEVON NHS FOUNDATION TRUST,ACUTE - MULTI-SERVICE,64112642.0,111757.0
RAE,BRADFORD TEACHING HOSPITALS NHS FOUNDATION TRUST,ACUTE - TEACHING,110311518.0,150328.0
RAJ,MID AND SOUTH ESSEX NHS FOUNDATION TRUST,ACUTE - LARGE,64599825.0,320741.0
RAL,ROYAL FREE LONDON NHS FOUNDATION TRUST,ACUTE - TEACHING,151661426.0,238904.0
RAN,ROYAL NATIONAL ORTHOPAEDIC HOSPITAL NHS TRUST,ACUTE - SPECIALIST,34315839.0,53476.0
RAP,NORTH MIDDLESEX UNIVERSITY HOSPITAL NHS TRUST,ACUTE - TEACHING,24053747.0,83303.0
RAS,THE HILLINGDON HOSPITALS NHS FOUNDATION TRUST,ACUTE - SMALL,146291959.0,82896.0
RAT,NORTH EAST LONDON NHS FOUNDATION TRUST,MENTAL HEALTH AND LEARNING DISABILITY,4888362.0,120697.0
RAX,KINGSTON HOSPITAL NHS FOUNDATION TRUST,ACUTE - MEDIUM,34603723.0,53284.0
RBD,DORSET COUNTY HOSPITAL NHS FOUNDATION TRUST,ACUTE - SMALL,56526380.0,59330.0
RBK,WALSALL HEALTHCARE NHS TRUST,ACUTE - SMALL,32974079.0,96513.0
RBL,WIRRAL UNIVERSITY TEACHING HOSPITAL NHS FOUNDATION TRUST,ACUTE - TEACHING,61128760.0,119584.0
RBN,MERSEY AND WEST LANCASHIRE TEACHING HOSPITALS NHS TRUST,ACUTE - TEACHING,31675117.0,213941.0
RBQ,LIVERPOOL HEART AND CHEST HOSPITAL NHS FOUNDATION TRUST,ACUTE - SPECIALIST,13376964.0,31062.0
RBS,ALDER HEY CHILDRENS NHS FOUNDATION TRUST,ACUTE - SPECIALIST,2600000.0,92594.0
RBT,THE MID CHESHIRE HOSPITALS NHS FOUNDATION TRUST,ACUTE - SMALL,111520345.0,99503.0
RBV,THE CHRISTIE NHS FOUNDATION TRUST,ACUTE - SPECIALIST,17450000.0,95247.0
RC9,BEDFORDSHIRE HOSPITALS NHS FOUNDATION TRUST,ACUTE - MEDIUM,169889391.0,142941.0
RCB,YORK AND SCARBOROUGH TEACHING HOSPITALS NHS FOUNDATION TRUST,ACUTE - TEACHING,114524322.0,170448.0
RCD,HARROGATE AND DISTRICT NHS FOUNDATION TRUST,ACUTE - SMALL,33363774.0,62392.0
RCF,AIREDALE NHS FOUNDATION TRUST,ACUTE - SMALL,318972898.0,71565.0
RCU,SHEFFIELD CHILDRENS NHS FOUNDATION TRUST,ACUTE - SPECIALIST,68155500.0,56065.0
RCX,THE QUEEN ELIZABETH HOSPITAL KING'S LYNN NHS FOUNDATION TRUST,ACUTE - SMALL,127781396.0,66794.0
RD1,ROYAL UNITED HOSPITALS BATH NHS FOUNDATION TRUST,ACUTE - MEDIUM,74931842.0,113242.0
RD8,MILTON KEYNES UNIVERSITY HOSPITAL NHS FOUNDATION TRUST,ACUTE - TEACHING,34013060.0,72295.0
RDE,EAST SUFFOLK AND NORTH ESSEX NHS FOUNDATION TRUST,ACUTE - LARGE,122441923.0,215900.0
RDR,SUSSEX COMMUNITY NHS FOUNDATION TRUST,COMMUNITY,17340686.0,69758.0
RDU,FRIMLEY HEALTH NHS FOUNDATION TRUST,ACUTE - LARGE,104865028.0,171058.0
RDY,DORSET HEALTHCARE UNIVERSITY NHS FOUNDATION TRUST,MENTAL HEALTH AND LEARNING DISABILITY,29219406.0,103631.0
REF,ROYAL CORNWALL HOSPITALS NHS TRUST,ACUTE - LARGE,55208025.0,115328.0
REM,LIVERPOOL UNIVERSITY HOSPITALS NHS FOUNDATION TRUST,ACUTE - TEACHING,59304977.0,297359.0
REN,CLATTERBRIDGE CANCER CENTRE NHS FOUNDATION TRUST,ACUTE - SPECIALIST,46112749.0,40101.0
REP,LIVERPOOL WOMEN'S NHS FOUNDATION TRUST,ACUTE - SPECIALIST,9623400.0,32556.0
RET,THE WALTON CENTRE NHS FOUNDATION TRUST,ACUTE - SPECIALIST,22484598.0,27240.0
RF4,"BARKING, HAVERING AND REDBRIDGE UNIVERSITY HOSPITALS NHS TRUST",ACUTE - TEACHING,57738651.0,155255.0
RFF,BARNSLEY HOSPITAL NHS FOUNDATION TRUST,ACUTE - SMALL,23281530.0,72369.0
RFR,THE ROTHERHAM NHS FOUNDATION TRUST,ACUTE - SMALL,19042226.0,84790.0
RFS,CHESTERFIELD ROYAL HOSPITAL NHS FOUNDATION TRUST,ACUTE - SMALL,6322998.0,102008.0
RGD,LEEDS AND YORK PARTNERSHIP NHS FOUNDATION TRUST,MENTAL HEALTH AND LEARNING DISABILITY,2645247.0,56015.0
RGM,ROYAL PAPWORTH HOSPITAL NHS FOUNDATION TRUST,ACUTE - SPECIALIST,,54182.0
RGN,NORTH WEST ANGLIA NHS FOUNDATION TRUST,ACUTE - LARGE,70368955.0,161862.0
RGP,JAMES PAGET UNIVERSITY HOSPITALS NHS FOUNDATION TRUST,ACUTE - TEACHING,118998935.0,62440.0
RGR,WEST SUFFOLK NHS FOUNDATION TRUST,ACUTE - SMALL,111299238.0,64494.0
RGT,CAMBRIDGE UNIVERSITY HOSPITALS NHS FOUNDATION TRUST,ACUTE - TEACHING,238059284.0,243929.0
RH5,SOMERSET NHS FOUNDATION TRUST,ACUTE - MULTI-SERVICE,184634661.0,204563.0
RH8,ROYAL DEVON UNIVERSITY HEALTHCARE NHS FOUNDATION TRUST,ACUTE - LARGE,168157279.0,240867.0
RHA,NOTTINGHAMSHIRE HEALTHCARE NHS FOUNDATION TRUST,MENTAL HEALTH AND LEARNING DISABILITY,42812030.0,186128.0
RHM,UNIVERSITY HOSPITAL SOUTHAMPTON NHS FOUNDATION TRUST,ACUTE - TEACHING,164863046.0,192190.0
RHQ,SHEFFIELD TEACHING HOSPITALS NHS FOUNDATION TRUST,ACUTE - TEACHING,179920788.0,328495.0
RHU,PORTSMOUTH HOSPITALS UNIVERSITY NHS TRUST,ACUTE - LARGE,8384928.0,166884.0
RHW,ROYAL BERKSHIRE NHS FOUNDATION TRUST,ACUTE - LARGE,161072820.0,115858.0
RJ1,GUY'S AND ST THOMAS' NHS FOUNDATION TRUST,ACUTE - TEACHING,531861351.0,471597.0
RJ2,THE LEWISHAM AND GREENWICH NHS TRUST,ACUTE - LARGE,65763529.0,152269.0
RJ6,CROYDON HEALTH SERVICES NHS TRUST,ACUTE - MEDIUM,184128797.0,89054.0
RJ7,ST GEORGE'S UNIVERSITY HOSPITALS NHS FOUNDATION TRUST,ACUTE - TEACHING,105855000.0,142464.0
RJ8,CORNWALL PARTNERSHIP NHS FOUNDATION TRUST,MENTAL HEALTH AND LEARNING DISABILITY,4955934.0,61342.0
RJC,SOUTH WARWICKSHIRE UNIVERSITY NHS FOUNDATION TRUST,ACUTE - TEACHING,56389944.0,86200.0
RJE,UNIVERSITY HOSPITALS OF NORTH MIDLANDS NHS TRUST,ACUTE - TEACHING,51217602.0,214872.0
RJL,NORTHERN LINCOLNSHIRE AND GOOLE NHS FOUNDATION TRUST,ACUTE - MEDIUM,66225536.0,166976.0
RJN,EAST CHESHIRE NHS TRUST,ACUTE - SMALL,16982682.0,48841.0
RJR,COUNTESS OF CHESTER HOSPITAL NHS FOUNDATION TRUST,ACUTE - SMALL,51887323.0,73724.0
RJZ,KING'S COLLEGE HOSPITAL NHS FOUNDATION TRUST,ACUTE - TEACHING,71285531.0,272955.0
RK5,SHERWOOD FOREST HOSPITALS NHS FOUNDATION TRUST,ACUTE - MEDIUM,,134140.0
RK9,UNIVERSITY HOSPITALS PLYMOUTH NHS TRUST,ACUTE - TEACHING,84025667.0,180454.0
RKB,UNIVERSITY HOSPITALS COVENTRY AND WARWICKSHIRE NHS TRUST,ACUTE - TEACHING,24777000.0,174807.0
RKE,WHITTINGTON HEALTH NHS TRUST,ACUTE - MULTI-SERVICE,184621795.0,84800.0
RKL,WEST LONDON NHS TRUST,MENTAL HEALTH AND LEARNING DISABILITY,45557022.0,125754.0
RL1,ROBERT JONES AND AGNES HUNT ORTHOPAEDIC HOSPITAL NHS FOUNDATION TRUST,ACUTE - SPECIALIST,15460671.0,37987.0
RL4,THE ROYAL WOLVERHAMPTON NHS TRUST,ACUTE - LARGE,65422316.0,191871.0
RLQ,WYE VALLEY NHS TRUST,ACUTE - MULTI-SERVICE,5080077.0,66641.0
RLT,GEORGE ELIOT HOSPITAL NHS TRUST,ACUTE - SMALL,17508316.0,60232.0
RLY,NORTH STAFFORDSHIRE COMBINED HEALTHCARE NHS TRUST,MENTAL HEALTH AND LEARNING DISABILITY,3821493.0,23187.0
RM1,NORFOLK AND NORWICH UNIVERSITY HOSPITALS NHS FOUNDATION TRUST,ACUTE - TEACHING,5050624.0,138235.0
RM3,NORTHERN CARE ALLIANCE NHS FOUNDATION TRUST,ACUTE - TEACHING,120761671.0,303182.0
RMC,BOLTON NHS FOUNDATION TRUST,ACUTE - MEDIUM,129030817.0,92088.0
RMP,TAMESIDE AND GLOSSOP INTEGRATED CARE NHS FOUNDATION TRUST,ACUTE - SMALL,60615902.0,99736.0
RMY,NORFOLK AND SUFFOLK NHS FOUNDATION TRUST,MENTAL HEALTH AND LEARNING DISABILITY,27095568.0,82576.0
RN3,GREAT WESTERN HOSPITALS NHS FOUNDATION TRUST,ACUTE - MEDIUM,8182213.0,75763.0
RN5,HAMPSHIRE HOSPITALS NHS FOUNDATION TRUST,ACUTE - LARGE,111459810.0,136141.0
RN7,DARTFORD AND GRAVESHAM NHS TRUST,ACUTE - SMALL,0.0,76026.0
RNA,THE DUDLEY GROUP NHS FOUNDATION TRUST,ACUTE - MEDIUM,0.0,94350.0
RNK,TAVISTOCK AND PORTMAN NHS FOUNDATION TRUST,MENTAL HEALTH AND LEARNING DISABILITY,9707658.0,9434.0
RNN,NORTH CUMBRIA INTEGRATED CARE NHS FOUNDATION TRUST,ACUTE - MEDIUM,16258887.0,144796.0
RNQ,KETTERING GENERAL HOSPITAL NHS FOUNDATION TRUST,ACUTE - SMALL,53839504.0,83729.0
RNS,NORTHAMPTON GENERAL HOSPITAL NHS TRUST,ACUTE - MEDIUM,41393653.0,111131.0
RNU,OXFORD HEALTH NHS FOUNDATION TRUST,MENTAL HEALTH AND LEARNING DISABILITY,14661361.0,80047.0
RNZ,SALISBURY NHS FOUNDATION TRUST,ACUTE - SMALL,81960949.0,92810.0
RP1,NORTHAMPTONSHIRE HEALTHCARE NHS FOUNDATION TRUST,MENTAL HEALTH AND LEARNING DISABILITY,2508037.0,77724.0
RP4,GREAT ORMOND STREET HOSPITAL FOR CHILDREN NHS FOUNDATION TRUST,ACUTE - SPECIALIST,13888676.0,105003.0
RP5,DONCASTER AND BASSETLAW TEACHING HOSPITALS NHS FOUNDATION TRUST,ACUTE - TEACHING,151328533.0,151398.0
RP6,MOORFIELDS EYE HOSPITAL NHS FOUNDATION TRUST,ACUTE - SPECIALIST,5902474.0,49125.0
RP7,LINCOLNSHIRE PARTNERSHIP NHS FOUNDATION TRUST,MENTAL HEALTH AND LEARNING DISABILITY,5975824.0,42990.0
RPA,MEDWAY NHS FOUNDATION TRUST,ACUTE - MEDIUM,107759760.0,102547.0
RPC,QUEEN VICTORIA HOSPITAL NHS FOUNDATION TRUST,ACUTE - SPECIALIST,21296300.0,27007.0
RPG,OXLEAS NHS FOUNDATION TRUST,MENTAL HEALTH AND LEARNING DISABILITY,34081039.0,69686.0
RPY,THE ROYAL MARSDEN NHS FOUNDATION TRUST,ACUTE - SPECIALIST,42705812.0,92452.0
RQ3,BIRMINGHAM WOMEN'S AND CHILDREN'S NHS FOUNDATION TRUST,ACUTE - SPECIALIST,72198755.0,91435.0
RQM,CHELSEA AND WESTMINSTER HOSPITAL NHS FOUNDATION TRUST,ACUTE - TEACHING,22691320.0,139289.0
RQW,THE PRINCESS ALEXANDRA HOSPITAL NHS TRUST,ACUTE - SMALL,64961843.0,61677.0
RQX,HOMERTON HEALTHCARE NHS FOUNDATION TRUST,ACUTE - TEACHING,131983340.0,69412.0
RQY,SOUTH WEST LONDON AND ST GEORGE'S MENTAL HEALTH NHS TRUST,MENTAL HEALTH AND LEARNING DISABILITY,11346432.0,72186.0
RR7,GATESHEAD HEALTH NHS FOUNDATION TRUST,ACUTE - MEDIUM,73892580.0,93000.0
RR8,LEEDS TEACHING HOSPITALS NHS TRUST,ACUTE - TEACHING,254203507.0,429104.0
RRE,MIDLANDS PARTNERSHIP UNIVERSITY NHS FOUNDATION TRUST,MENTAL HEALTH AND LEARNING DISABILITY,48336849.0,113400.0
RRF,"WRIGHTINGTON, WIGAN AND LEIGH NHS FOUNDATION TRUST",ACUTE - MEDIUM,65941034.0,132677.0
RRJ,ROYAL ORTHOPAEDIC HOSPITAL NHS FOUNDATION TRUST,ACUTE - SPECIALIST,7051500.0,25453.0
RRK,UNIVERSITY HOSPITALS BIRMINGHAM NHS FOUNDATION TRUST,ACUTE - TEACHING,440556166.0,440007.0
RRU,LONDON AMBULANCE SERVICE NHS TRUST,AMBULANCE,14672666.0,74548.0
RRV,UNIVERSITY COLLEGE LONDON HOSPITALS NHS FOUNDATION TRUST,ACUTE - TEACHING,253036343.0,212704.0
RT1,CAMBRIDGESHIRE AND PETERBOROUGH NHS FOUNDATION TRUST,MENTAL HEALTH AND LEARNING DISABILITY,7047566.0,60565.0
RT2,PENNINE CARE NHS FOUNDATION TRUST,MENTAL HEALTH AND LEARNING DISABILITY,29619315.0,71744.0
RT5,LEICESTERSHIRE PARTNERSHIP NHS TRUST,MENTAL HEALTH AND LEARNING DISABILITY,21931004.0,99369.0
RTD,THE NEWCASTLE UPON TYNE HOSPITALS NHS FOUNDATION TRUST,ACUTE - TEACHING,182163927.0,294937.0
RTE,GLOUCESTERSHIRE HOSPITALS NHS FOUNDATION TRUST,ACUTE - LARGE,82984018.0,173114.0
RTF,NORTHUMBRIA HEALTHCARE NHS FOUNDATION TRUST,ACUTE - LARGE,66900833.0,185149.0
RTG,UNIVERSITY HOSPITALS OF DERBY AND BURTON NHS FOUNDATION TRUST,ACUTE - TEACHING,82822254.0,298509.0
RTH,OXFORD UNIVERSITY HOSPITALS NHS FOUNDATION TRUST,ACUTE - TEACHING,265295884.0,306209.0
RTK,ASHFORD AND ST. PETER'S HOSPITALS NHS FOUNDATION TRUST,ACUTE - MEDIUM,93392403.0,83738.0
RTP,SURREY AND SUSSEX HEALTHCARE NHS TRUST,ACUTE - MEDIUM,96084250.0,100469.0
RTQ,GLOUCESTERSHIRE HEALTH AND CARE NHS FOUNDATION TRUST,MENTAL HEALTH AND LEARNING DISABILITY,16185868.0,68756.0
RTR,SOUTH TEES HOSPITALS NHS FOUNDATION TRUST,ACUTE - TEACHING,39349501.0,183210.0
RTX,UNIVERSITY HOSPITALS OF MORECAMBE BAY NHS FOUNDATION TRUST,ACUTE - TEACHING,42697369.0,136574.0
RV3,CENTRAL AND NORTH WEST LONDON NHS FOUNDATION TRUST,MENTAL HEALTH AND LEARNING DISABILITY,45292485.0,118343.0
RV5,SOUTH LONDON AND MAUDSLEY NHS FOUNDATION TRUST,MENTAL HEALTH AND LEARNING DISABILITY,172970399.0,93721.0
RV9,HUMBER TEACHING NHS FOUNDATION TRUST,MENTAL HEALTH AND LEARNING DISABILITY,30285136.0,46790.0
RVJ,NORTH BRISTOL NHS TRUST,ACUTE - LARGE,42476944.0,176394.0
RVN,AVON AND WILTSHIRE MENTAL HEALTH PARTNERSHIP NHS TRUST,MENTAL HEALTH AND LEARNING DISABILITY,20292211.0,77163.0
RVR,EPSOM AND ST HELIER UNIVERSITY HOSPITALS NHS TRUST,ACUTE - TEACHING,142100648.0,83159.0
RVV,EAST KENT HOSPITALS UNIVERSITY NHS FOUNDATION TRUST,ACUTE - TEACHING,239886177.0,180953.0
RVW,NORTH TEES AND HARTLEPOOL NHS FOUNDATION TRUST,ACUTE - MEDIUM,155282354.0,118779.0
RW1,HAMPSHIRE AND ISLE OF WIGHT HEALTHCARE NHS FOUNDATION TRUST,MENTAL HEALTH AND LEARNING DISABILITY,41059318.0,153210.0
RW4,MERSEY CARE NHS FOUNDATION TRUST,MENTAL HEALTH AND LEARNING DISABILITY,22371511.0,153760.0
RW5,LANCASHIRE & SOUTH CUMBRIA NHS FOUNDATION TRUST,MENTAL HEALTH AND LEARNING DISABILITY,22924672.0,115866.0
RWA,HULL UNIVERSITY TEACHING HOSPITALS NHS TRUST,ACUTE - TEACHING,92577458.0,187183.0
RWD,UNITED LINCOLNSHIRE TEACHING HOSPITALS NHS TRUST,ACUTE - LARGE,126055888.0,163927.0
RWE,UNIVERSITY HOSPITALS OF LEICESTER NHS TRUST,ACUTE - TEACHING,135858269.0,315205.0
RWF,MAIDSTONE AND TUNBRIDGE WELLS NHS TRUST,ACUTE - LARGE,46592463.0,133097.0
RWG,WEST HERTFORDSHIRE TEACHING HOSPITALS NHS TRUST,ACUTE - TEACHING,161985894.0,148668.0
RWH,EAST AND NORTH HERTFORDSHIRE NHS TRUST,ACUTE - LARGE,56013813.0,120647.0
RWJ,STOCKPORT NHS FOUNDATION TRUST,ACUTE - MEDIUM,67864565.0,104265.0
RWK,EAST LONDON NHS FOUNDATION TRUST,MENTAL HEALTH AND LEARNING DISABILITY,34523660.0,101469.0
RWP,WORCESTERSHIRE ACUTE HOSPITALS NHS TRUST,ACUTE - LARGE,71853140.0,131145.0
RWR,HERTFORDSHIRE PARTNERSHIP UNIVERSITY NHS FOUNDATION TRUST,MENTAL HEALTH AND LEARNING DISABILITY,23660683.0,53328.0
RWV,DEVON PARTNERSHIP NHS TRUST,MENTAL HEALTH AND LEARNING DISABILITY,22955206.0,54419.0
RWW,WARRINGTON AND HALTON TEACHING HOSPITALS NHS FOUNDATION TRUST,ACUTE - TEACHING,44665099.0,94226.0
RWX,BERKSHIRE HEALTHCARE NHS FOUNDATION TRUST,MENTAL HEALTH AND LEARNING DISABILITY,3040338.0,61334.0
RWY,CALDERDALE AND HUDDERSFIELD NHS FOUNDATION TRUST,ACUTE - LARGE,43739710.0,126420.0
RX1,NOTTINGHAM UNIVERSITY HOSPITALS NHS TRUST,ACUTE - TEACHING,443223670.0,338744.0
RX2,SUSSEX PARTNERSHIP NHS FOUNDATION TRUST,MENTAL HEALTH AND LEARNING DISABILITY,30560354.0,75914.0
RX3,"TEES, ESK AND WEAR VALLEYS NHS FOUNDATION TRUST",MENTAL HEALTH AND LEARNING DISABILITY,17852107.0,132429.0
RX4,"CUMBRIA, NORTHUMBERLAND, TYNE AND WEAR NHS FOUNDATION TRUST",MENTAL HEALTH AND LEARNING DISABILITY,8943665.0,170829.0
RX6,NORTH EAST AMBULANCE SERVICE NHS FOUNDATION TRUST,AMBULANCE,1802000.0,33474.0
RX7,NORTH WEST AMBULANCE SERVICE NHS TRUST,AMBULANCE,35646817.0,62069.0
RX8,YORKSHIRE AMBULANCE SERVICE NHS TRUST,AMBULANCE,13653618.0,59550.0
RX9,EAST MIDLANDS AMBULANCE SERVICE NHS TRUST,AMBULANCE,16794288.0,39715.0
RXA,CHESHIRE AND WIRRAL PARTNERSHIP NHS FOUNDATION TRUST,MENTAL HEALTH AND LEARNING DISABILITY,6103500.0,57748.0
RXC,EAST SUSSEX HEALTHCARE NHS TRUST,ACUTE - LARGE,170737063.0,145153.0
RXE,ROTHERHAM DONCASTER AND SOUTH HUMBER NHS FOUNDATION TRUST,MENTAL HEALTH AND LEARNING DISABILITY,18785684.0,50043.0
RXF,MID YORKSHIRE TEACHING NHS TRUST,ACUTE - TEACHING,70345000.0,217702.0
RXG,SOUTH WEST YORKSHIRE PARTNERSHIP NHS FOUNDATION TRUST,MENTAL HEALTH AND LEARNING DISABILITY,8850660.0,71880.0
RXK,SANDWELL AND WEST BIRMINGHAM HOSPITALS NHS TRUST,ACUTE - LARGE,187290044.0,204801.0
RXL,BLACKPOOL TEACHING HOSPITALS NHS FOUNDATION TRUST,ACUTE - TEACHING,32065206.0,141380.0
RXM,DERBYSHIRE HEALTHCARE NHS FOUNDATION TRUST,MENTAL HEALTH AND LEARNING DISABILITY,10171268.0,44743.0
RXN,LANCASHIRE TEACHING HOSPITALS NHS FOUNDATION TRUST,ACUTE - TEACHING,66202910.0,187123.0
RXP,COUNTY DURHAM AND DARLINGTON NHS FOUNDATION TRUST,ACUTE - MULTI-SERVICE,43987084.0,158141.0
RXQ,BUCKINGHAMSHIRE HEALTHCARE NHS TRUST,ACUTE - MULTI-SERVICE,259418542.0,178472.0
RXR,EAST LANCASHIRE HOSPITALS NHS TRUST,ACUTE - LARGE,44552456.0,202551.0
RXT,BIRMINGHAM AND SOLIHULL MENTAL HEALTH NHS FOUNDATION TRUST,MENTAL HEALTH AND LEARNING DISABILITY,21366425.0,86274.0
RXV,GREATER MANCHESTER MENTAL HEALTH NHS FOUNDATION TRUST,MENTAL HEALTH AND LEARNING DISABILITY,29860814.0,117966.0
RXW,SHREWSBURY AND TELFORD HOSPITAL NHS TRUST,ACUTE - MEDIUM,55476305.0,123212.0
RXX,SURREY AND BORDERS PARTNERSHIP NHS FOUNDATION TRUST,MENTAL HEALTH AND LEARNING DISABILITY,26334430.0,52763.0
RXY,KENT AND MEDWAY NHS AND SOCIAL CARE PARTNERSHIP TRUST,MENTAL HEALTH AND LEARNING DISABILITY,16951819.0,63415.0
RY2,BRIDGEWATER COMMUNITY HEALTHCARE NHS FOUNDATION TRUST,COMMUNITY,350000.0,22182.0
RY3,NORFOLK COMMUNITY HEALTH AND CARE NHS TRUST,COMMUNITY,30112681.0,43576.0
RY4,HERTFORDSHIRE COMMUNITY NHS TRUST,COMMUNITY,10685404.0,21485.0
RY5,LINCOLNSHIRE COMMUNITY HEALTH SERVICES NHS TRUST,COMMUNITY,548223.0,19866.0
RY6,LEEDS COMMUNITY HEALTHCARE NHS TRUST,COMMUNITY,5375650.0,27660.0
RY7,WIRRAL COMMUNITY HEALTH AND CARE NHS FOUNDATION TRUST,COMMUNITY,395542.0,13447.0
RY8,DERBYSHIRE COMMUNITY HEALTH SERVICES NHS FOUNDATION TRUST,COMMUNITY,22534386.0,59851.0
RY9,HOUNSLOW AND RICHMOND COMMUNITY HEALTHCARE NHS TRUST,COMMUNITY,5113882.0,9430.0
RYA,WEST MIDLANDS AMBULANCE SERVICE UNIVERSITY NHS FOUNDATION TRUST,AMBULANCE,413600.0,61634.0
RYC,EAST OF ENGLAND AMBULANCE SERVICE NHS TRUST,AMBULANCE,15294823.0,68618.0
RYD,SOUTH EAST COAST AMBULANCE SERVICE NHS FOUNDATION TRUST,AMBULANCE,7319400.0,43890.0
RYE,SOUTH CENTRAL AMBULANCE SERVICE NHS FOUNDATION TRUST,AMBULANCE,59130974.0,42099.0
RYF,SOUTH WESTERN AMBULANCE SERVICE NHS FOUNDATION TRUST,AMBULANCE,15686086.0,55436.0
RYG,COVENTRY AND WARWICKSHIRE PARTNERSHIP NHS TRUST,MENTAL HEALTH AND LEARNING DISABILITY,58408361.0,64716.0
RYJ,IMPERIAL COLLEGE HEALTHCARE NHS TRUST,ACUTE - TEACHING,901856265.0,283605.0
RYR,UNIVERSITY HOSPITALS SUSSEX NHS FOUNDATION TRUST,ACUTE - TEACHING,186407223.0,359520.0
RYV,CAMBRIDGESHIRE COMMUNITY SERVICES NHS TRUST,COMMUNITY,9678418.0,31312.0
RYW,BIRMINGHAM COMMUNITY HEALTHCARE NHS FOUNDATION TRUST,COMMUNITY,7442674.0,71734.0
RYX,CENTRAL LONDON COMMUNITY HEALTHCARE NHS TRUST,COMMUNITY,5987445.0,49651.0
RYY,KENT COMMUNITY HEALTH NHS FOUNDATION TRUST,COMMUNITY,28743109.0,50148.0
TAD,BRADFORD DISTRICT CARE NHS FOUNDATION TRUST,CARE TRUST,59827303.0,34378.0
TAH,SHEFFIELD HEALTH AND SOCIAL CARE NHS FOUNDATION TRUST,CARE TRUST,19417645.0,39939.0
TAJ,BLACK COUNTRY HEALTHCARE NHS FOUNDATION TRUST,MENTAL HEALTH AND LEARNING DISABILITY,10720923.0,65813.0
