trust_code,trust_name,rtt_total_waiting,rtt_over_18_weeks
A0C5S,SPAMEDICA GLOUCESTER,128,16.0
A1D1B,SPAMEDICA WEMBLEY,782,56.0
A1S9E,OPTEGRA EYE HOSPITAL YORK,944,18.0
A1U4J,SPAMEDICA PORTSMOUTH,392,44.0
A4M8P,BUCKSHAW HOSPITAL,5696,1706.0
A4Q9X,NEWMEDICA LEICESTER,1742,182.0
A4Y8X,ACES NOTTINGHAM,56,8.0
A5E1F,OPTEGRA EYE HOSPITAL PRESTON,466,4.0
A6U7U,OPTEGRA EYE HOSPITAL NOTTINGHAM,150,0.0
A8L1O,OPTEGRA EYE HOSPITAL LEICESTER,242,10.0
A9P5F,ACES WHITE CITY,214,32.0
AAH,TETBURY HOSPITAL TRUST LTD,514,32.0
AAV,COMMUNITY HEALTH AND EYECARE LIMITED,10620,1230.0
ACG08,NEWMEDICA OPHTHALMOLOGY - NUNEATON - CAMP HILL - GP LED HEALTH CENTRE,34,0.0
ACG12,NEWMEDICA COMMUNITY OPHTHALMOLOGY - NORTH EAST LINCOLNSHIRE - GRIMSBY,2114,570.0
ACG13,NEWMEDICA - GLOUCESTER (ASPEN MEDICAL CENTRE),1052,312.0
ACG19,NEWMEDICA COMMUNITY OPHTHALMOLOGY - LEEDS,1290,144.0
ACG20,NEWMEDICA - BRISTOL - LITFIELD HOUSE,804,160.0
ACG22,NEWMEDICA - BRIGG - RIVERSIDE SURGERY,1780,592.0
ACG24,NEWMEDICA - TEESSIDE - NORTH ORMESBY,2738,142.0
ACG26,NEWMEDICA - NORTH DERBYSHIRE - MIDLAND COURT,2482,224.0
ACG30,NEWMEDICA - WORKSOP - DUKERIES,324,24.0
ACG31,NEWMEDICA - WORCESTER,1628,152.0
ACG36,NEWMEDICA - EXETER - GLEN HOUSE,766,38.0
ACG37,NEWMEDICA - IPSWICH,2338,214.0
ACG38,NEWMEDICA - LANGFORD,808,160.0
ACG40,NEWMEDICA - WAKEFIELD,1218,204.0
ACM,EYE CARE MEDICAL LTD,14,0.0
ADP02,KIMS HOSPITAL (NEWNHAM COURT),2754,430.0
AHP,ST MICHAEL'S CLINIC LIMITED,3432,1226.0
AJ8,THE GRANGE MEDICAL CENTRE HQ,474,0.0
AQK,VERNOVA HEALTHCARE COMMUNITY INTEREST COMPANY,586,136.0
AVQ01,ONE ASHFORD HOSPITAL,1990,352.0
AVQ03,ONE HATFIELD HOSPITAL,424,120.0
AWR,ONE STOP DOCTORS LIMITED,1042,238.0
AY1,MEDEFER,492,66.0
B1A5K,NEWMEDICA - NOTTINGHAM,1268,46.0
B3M1X,CLAREMONT PRIVATE HOSPITAL,5496,2234.0
B4N1U,SPAMEDICA ROMFORD,1586,106.0
B5M7B,NEWMEDICA - NORWICH,3222,352.0
B6Z0N,OPTEGRA EYE HOSPITAL UTTOXETER,516,28.0
B9J4U,SPAMEDICA PETERBOROUGH,1008,62.0
B9M3W,SPAMEDICA SOUTHAMPTON,908,272.0
C3Y0A,SPAMEDICA BLACKPOOL,342,46.0
C5Y9L,NEWMEDICA - BERKSHIRE - BRACKNELL,328,84.0
C9A7J,NEWMEDICA - BRADFORD & HUDDERSFIELD,1370,128.0
D0V5X,NEWMEDICA - SWINDON MURDOCK ROAD,296,78.0
D0Y2J,OPTEGRA AT HAVANT HEALTH CENTRE (HAVANT),50,0.0
D2L5T,ACES LIVERPOOL,144,26.0
D3O0Z,PLYMOUTH NEWMEDICA LTD,1074,82.0
D5P5H,SPAMEDICA BEXHILL,350,22.0
D9E5L,OPTEGRA EYE HOSPITAL BRIGHTON,1516,2.0
DFQ,NORWICH & NORFOLK SURGICAL LTD (N2S),2254,412.0
DFY01,COTSWOLDS SURGICAL PARTNERS,588,4.0
DJH01,THE ROYAL BUCKINGHAMSHIRE HOSPITAL LTD,70,8.0
DPK,THE STONEYGATE EYE HOSPITAL,1348,104.0
DTT,PHOENIX PUBLIC HEALTH LTD,290,28.0
DX1,THE NEW FOSCOTE HOSPITAL LTD,684,42.0
DXN,MODALITY LLP,528,336.0
DXV,OMNES HEALTHCARE LTD,24950,10360.0
E1U4T,SPAMEDICA CARLISLE,1476,84.0
E3D4A,SPAMEDICA TRURO,616,28.0
E4K5T,OPTEGRA EYE HOSPITAL NEWCASTLE,872,14.0
E6F9I,ACES BRADFORD,2,0.0
F0R0W,NEWMEDICA - DARLINGTON,146,2.0
F1Y1H,NEWMEDICA - CHESHIRE OAKS,1272,398.0
F2C9F,ACES HARLEY STREET,4,2.0
F4B0R,SPAMEDICA GUILDFORD,38,2.0
F7B2B,ANGLIA COMMUNITY EYE SERVICE - BURY ST EDMUNDS,26,2.0
F7F6D,NEWMEDICA - HERTFORSHIRE - WELWYN GARDEN CITY,1664,130.0
F9Z4V,CIRCLE READING HOSPITAL,3634,1016.0
G3E7R,OPTEGRA EYE HOSPITAL MAIDSTONE,944,0.0
G3O5P,SPAMEDICA NEWARK,1080,76.0
G3Q3Z,NUFFIELD HEALTH HIGHGATE HOSPITAL,1912,274.0
G3Z1Q,SULIS HOSPITAL BATH (FOXCOTE AVENUE),7280,1814.0
G4H0I,NEWMEDICA SUFFOLK - BURY ST EDMUNDS - CLARITY HOUSE,1284,62.0
G5X2Q,SPAMEDICA NORTH TYNESIDE,850,32.0
G6S7A,SPAMEDICA TAUNTON,1576,296.0
GEC01,RAPID INVESTIGATION SERVICE,208,0.0
H1T2P,SPAMEDICA SWINDON,166,8.0
H2K1G,NEWMEDICA - BROMSGROVE,780,80.0
H3W7Q,ACES CHELMSFORD,136,28.0
H4I8B,NUFFIELD HEALTH THE HOLLY HOSPITAL,8286,1804.0
H4J9P,NEWMEDICA AZTEC WEST,1682,554.0
H4Y7F,SPAMEDICA DORCHESTER,988,42.0
H7X1I,ANGLIA COMMUNITY EYE SERVICE - CAMBRIDGE,548,180.0
I1H7K,SPAMEDICA SALE,406,22.0
I2C7H,SPAMEDICA BRADFORD,358,26.0
I7G8X,ACES NEWCASTLE,62,6.0
I7Q4A,OPTEGRA EYE HOSPITAL WEST LONDON,1120,58.0
I9A4A,SPAMEDICA BRIGHTON,430,40.0
J0M7P,SPAMEDICA HEREFORD DIAGNOSTIC AND TREATMENT CENTRE,50,0.0
J2H6H,SPAMEDICA COLCHESTER,300,30.0
J3J8Z,NEWMEDICA - OXFORDSHIRE,1630,76.0
J3X4C,SPAMEDICA WORCESTER,740,104.0
J7V1N,SPAMEDICA SOLIHULL,932,154.0
K3V9U,SPAMEDICA STEVENAGE COMMUNITY DIAGNOSTIC & TREATMENT CENTRE,10,0.0
K7J9E,ANGLIA COMMUNITY EYE SERVICE - NORWICH,30,2.0
K8I4X,GLENDON WOOD HOSPITAL,2682,638.0
K9J3O,SPAMEDICA LUTON,316,40.0
L0D9W,NEWMEDICA - GLOUCESTER (BRIGHOUSE COURT),2772,614.0
L4R3R,NEWMEDICA - HAMPSHIRE,4644,1780.0
L6O7H,SPAMEDICA POOLE,1996,104.0
L9D3Z,SPAMEDICA LEICESTER,680,20.0
M0N7E,SPAMEDICA SITTINGBOURNE,378,36.0
M2O7D,OPTEGRA EYE HOSPITAL COLCHESTER,678,148.0
M2Y6D,PRACTICE PLUS GROUP HOSPITAL BIRMINGHAM,2808,558.0
M3R0W,SPAMEDICA NORWICH,692,66.0
M4C5R,NEWMEDICA - NORTHAMPTON,2808,394.0
M5E1S,SPAMEDICA EXETER,656,76.0
M6L9D,NEWMEDICA - NOTTINGHAM - KEYWORTH,12,0.0
M7C9Q,SPAMEDICA EPSOM,672,22.0
M9U8M,ENDOCARE DIAGNOSTICS LTD,166,0.0
N1L8R,ACES MANCHESTER ST JOHNS STREET,26,4.0
N1M9Z,ACES EXETER,98,22.0
N1N0Y,SPAMEDICA CROYDON,314,14.0
N6Z0R,NEWMEDICA - LINCOLN,66,10.0
N8R1N,NEWMEDICA - BERKSHIRE,3030,1036.0
N8Z8E,ACES TORQUAY,6,2.0
NAM01,PROBUS SURGICAL CENTRE,1656,82.0
NCN,DMC HEALTHCARE,2454,86.0
NCR,ISIGHT,2822,400.0
NDJ,FIRST COMMUNITY HEALTH AND CARE CIC,1720,48.0
NDL01,SUFFOLK GP FEDERATION,132,2.0
NEQ,PHOENIX HEALTH SOLUTIONS LIMITED HQ,1178,42.0
NEY,PIONEER HEALTHCARE LIMITED,1430,1270.0
NFH,SOMERSET SURGICAL SERVICES HQ,3010,344.0
NHW,STANDARD HEALTH LTD,240,84.0
NID,THE LIVING CARE GROUP,464,0.0
NL3,CARE PLUS GROUP,370,60.0
NL8,LOCALA COMMUNITY PARTNERSHIPS CIC,2498,322.0
NLE01,LANCASTER HOUSE CONSULTING DIAGNOSTICS SURGICAL LTD HQ,2400,182.0
NLG,COMMUNITAS CLINICS,8938,2832.0
NLX,SIRONA CARE & HEALTH,11552,3182.0
NMG,CORA HEALTH MSK (FORMERLY CONNECT HEALTH LTD),36906,2974.0
NN4,TYNESIDE SURGICAL SERVICES LTD,2834,574.0
NN5,MANCHESTER SURGICAL SERVICES LTD,760,132.0
NN8,SPENCER PRIVATE HOSPITALS LTD,7162,2706.0
NNE,DORKING HEALTHCARE LIMITED (DHC),13038,3090.0
NNH02,OPTEGRA YORKSHIRE EYE HOSPITAL,1268,212.0
NNH03,OPTEGRA (SURREY EYE HOSPITAL),1718,0.0
NNH04,OPTEGRA (MANCHESTER EYE HOSPITAL),1628,20.0
NNH05,OPTEGRA (BIRMINGHAM EYE HOSPITAL),1364,56.0
NNH06,OPTEGRA (SOLENT EYE HOSPITAL),1294,0.0
NNH07,OPTEGRA LONDON EYE HOSPITAL,1748,76.0
NP9,BESPOKE HEALTHCARE LTD,846,270.0
NPG01,SPAMEDICA MANCHESTER,714,68.0
NPG02,SPAMEDICA WIRRAL,716,36.0
NPG06,SPAMEDICA LIVERPOOL,786,70.0
NPG07,SPAMEDICA EYE HOSPITAL (WAKEFIELD),1122,70.0
NPG08,SPAMEDICA BOLTON,1396,56.0
NPG10,SPAMEDICA SHEFFIELD,758,38.0
NPG11,SPAMEDICA BIRMINGHAM,1570,206.0
NPG13,SPAMEDICA SKELMERSDALE,172,18.0
NPG14,SPAMEDICA WIDNES,566,26.0
NPG15,SPAMEDICA NEWCASTLE-UNDER-LYME,630,14.0
NPG16,SPAMEDICA CHELMSFORD,1602,132.0
NPG17,SPAMEDICA PRESTON,598,40.0
NPG18,SPAMEDICA HULL,654,42.0
NPG19,SPAMEDICA BEDFORD,502,28.0
NPG20,SPAMEDICA WOLVERHAMPTON,1322,98.0
NPG21,SPAMEDICA COVENTRY,1014,82.0
NPG22,SPAMEDICA STOCKTON-ON-TEES,924,70.0
NPG23,SPAMEDICA DERBY,952,46.0
NPR01,ABOUT HEALTH HQ,3270,0.0
NQH,NOVUS HEALTH LTD,1530,66.0
NQM01,ORTHOPAEDICS & SPINE SPECIALIST HOSPITAL SITE,474,122.0
NQT5K,ST MARTINS HOSPITAL,298,46.0
NQX,PROVIDE ENTERPRISES,304,0.0
NR5,LIVEWELL SOUTHWEST,136,8.0
NRF,UNIVERSITY OF SOUTHAMPTON AUDITORY IMPLANT SERVICE,382,126.0
NRL,HEART NETWORKS,1986,54.0
NRP,BEACON MEDICAL SERVICES GROUP LIMITED,8866,424.0
NT202,"NUFFIELD HEALTH, BOURNEMOUTH HOSPITAL",1120,494.0
NT204,"NUFFIELD HEALTH, BRENTWOOD HOSPITAL",20,8.0
NT205,"NUFFIELD HEALTH, BRIGHTON HOSPITAL",1654,896.0
NT206,"NUFFIELD HEALTH, BRISTOL HOSPITAL (CHESTERFIELD)",1516,590.0
NT209,"NUFFIELD HEALTH, CAMBRIDGE HOSPITAL",414,200.0
NT210,"NUFFIELD HEALTH, THE GROSVENOR HOSPITAL, CHESTER",818,300.0
NT211,"NUFFIELD HEALTH, CHELTENHAM HOSPITAL",60,24.0
NT212,"NUFFIELD HEALTH, CHICHESTER HOSPITAL",854,194.0
NT213,"NUFFIELD HEALTH, DERBY HOSPITAL",2324,1062.0
NT214,"NUFFIELD HEALTH, WESSEX HOSPITAL",1220,876.0
NT215,"NUFFIELD HEALTH, EXETER HOSPITAL",832,444.0
NT216,"NUFFIELD HEALTH, GUILDFORD HOSPITAL",282,132.0
NT218,"NUFFIELD HEALTH, HAYWARDS HEATH HOSPITAL",864,396.0
NT219,"NUFFIELD HEALTH, HEREFORD HOSPITAL",976,286.0
NT224,"NUFFIELD HEALTH, WARWICKSHIRE HOSPITAL",798,182.0
NT226,"NUFFIELD HEALTH, LEICESTER HOSPITAL",930,186.0
NT229,"NUFFIELD HEALTH, NEWCASTLE UPON TYNE HOSPITAL",1036,596.0
NT230,"NUFFIELD HEALTH, NORTH STAFFORDSHIRE HOSPITAL",2656,1364.0
NT233,"NUFFIELD HEALTH, PLYMOUTH HOSPITAL",1774,656.0
NT235,"NUFFIELD HEALTH, SHREWSBURY HOSPITAL",924,154.0
NT237,"NUFFIELD HEALTH, TEES HOSPITAL",3284,982.0
NT238,"NUFFIELD HEALTH, TAUNTON HOSPITAL",934,372.0
NT239,"NUFFIELD HEALTH, TUNBRIDGE WELLS HOSPITAL",144,52.0
NT241,"NUFFIELD HEALTH, WOKING HOSPITAL",656,132.0
NT242,"NUFFIELD HEALTH, WOLVERHAMPTON HOSPITAL",1212,290.0
NT244,NUFFIELD HOSPITAL OXFORD (THE MANOR),184,30.0
NT245,"NUFFIELD HEALTH, YORK HOSPITAL",2292,652.0
NT301,SPIRE SOUTH BANK HOSPITAL,1684,398.0
NT302,SPIRE BRISTOL HOSPITAL,1510,688.0
NT304,SPIRE SOUTHAMPTON HOSPITAL,704,536.0
NT305,SPIRE PORTSMOUTH HOSPITAL,920,516.0
NT308,SPIRE GATWICK PARK HOSPITAL,2548,620.0
NT30A,SPIRE NOTTINGHAM HOSPITAL,1390,270.0
NT312,SPIRE ALEXANDRA HOSPITAL,2214,482.0
NT313,SPIRE WELLESLEY HOSPITAL,2340,904.0
NT314,SPIRE LONDON EAST,6592,2610.0
NT315,SPIRE BUSHEY HOSPITAL,2498,276.0
NT316,SPIRE HARPENDEN HOSPITAL,1814,280.0
NT317,SPIRE CAMBRIDGE LEA HOSPITAL,632,270.0
NT318,SPIRE NORWICH HOSPITAL,1914,414.0
NT319,SPIRE HARTSWOOD HOSPITAL,2350,642.0
NT320,SPIRE PARKWAY HOSPITAL,2952,930.0
NT321,SPIRE LITTLE ASTON HOSPITAL,2678,784.0
NT322,SPIRE LEICESTER HOSPITAL,2480,1008.0
NT324,SPIRE CHESHIRE HOSPITAL,2222,368.0
NT325,SPIRE MURRAYFIELD HOSPITAL,1658,454.0
NT327,SPIRE MANCHESTER HOSPITAL,1788,792.0
NT332,SPIRE LEEDS HOSPITAL,1574,290.0
NT333,SPIRE WASHINGTON HOSPITAL,3284,786.0
NT337,SPIRE LIVERPOOL HOSPITAL,5156,1472.0
NT339,SPIRE REGENCY HOSPITAL,4114,208.0
NT343,SPIRE THAMES VALLEY HOSPITAL,986,528.0
NT344,SPIRE DUNEDIN HOSPITAL,606,114.0
NT345,SPIRE CLARE PARK HOSPITAL,908,454.0
NT347,SPIRE FYLDE COAST HOSPITAL,6694,1118.0
NT348,SPIRE ELLAND HOSPITAL,2564,676.0
NT350,SPIRE METHLEY PARK HOSPITAL,1834,328.0
NT351,SPIRE HULL AND EAST RIDING HOSPITAL,5050,2026.0
NT364,SPIRE MONTEFIORE HOSPITAL,1220,576.0
NT3X3,SPIRE ST ANTHONY'S HOSPITAL,2128,166.0
NT401,ALEXANDRA HOSPITAL,1556,670.0
NT402,BATH CLINIC,1496,518.0
NT403,BEARDWOOD HOSPITAL,4724,1246.0
NT404,BEAUMONT HOSPITAL,6230,2176.0
NT405,BISHOPS WOOD HOSPITAL,1042,196.0
NT406,BLACKHEATH HOSPITAL,3020,944.0
NT408,CHAUCER HOSPITAL,1842,426.0
NT409,CHELSFIELD PARK HOSPITAL,1536,258.0
NT410,CHILTERN HOSPITAL,842,162.0
NT411,CLEMENTINE CHURCHILL HOSPITAL,4010,16.0
NT412,DROITWICH SPA HOSPITAL,3126,932.0
NT416,HENDON HOSPITAL,2256,786.0
NT417,GORING HALL HOSPITAL,1568,644.0
NT418,HAMPSHIRE CLINIC,638,330.0
NT419,HARBOUR HOSPITAL,388,120.0
NT420,HIGHFIELD HOSPITAL,1864,576.0
NT421,KINGS OAK HOSPITAL,2250,652.0
NT422,LONDON INDEPENDENT HOSPITAL,7470,1524.0
NT423,MANOR HOSPITAL,1320,686.0
NT424,MERIDEN HOSPITAL,3668,648.0
NT427,PARK HOSPITAL,3946,1272.0
NT428,PRINCESS MARGARET HOSPITAL,142,10.0
NT429,PRIORY HOSPITAL,1338,396.0
NT430,RIDGEWAY HOSPITAL,896,254.0
NT431,RUNNYMEDE HOSPITAL,364,66.0
NT433,SARUM ROAD HOSPITAL,686,310.0
NT434,SAXON CLINIC,1376,608.0
NT435,SHELBURNE HOSPITAL,360,104.0
NT436,SHIRLEY OAKS HOSPITAL,1936,504.0
NT437,SLOANE HOSPITAL,1726,456.0
NT440,THORNBURY HOSPITAL,1424,408.0
NT441,THREE SHIRES HOSPITAL,7262,2882.0
NT443,WINTERBOURNE HOSPITAL,804,196.0
NT445,EDGBASTON HOSPITAL,2,0.0
NT446,ST EDMUNDS HOSPITAL,1090,560.0
NT447,DUCHY HOSPITAL,578,106.0
NT448,HUDDERSFIELD PRIVATE HOSPITAL,1948,158.0
NT449,LANCASTER PRIVATE HOSPITAL,664,162.0
NT450,LINCOLN PRIVATE HOSPITAL,2252,924.0
NT451,CAVELL HOSPITAL,2696,728.0
NT455,MOUNT ALVERNIA HOSPITAL,446,136.0
NT457,WOODLANDS HOSPITAL,5322,1158.0
NT490,SOUTHEND PRIVATE HOSPITAL,2076,266.0
NTE02,ST HUGH'S HOSPITAL,3882,888.0
NTP11,PRACTICE PLUS GROUP HOSPITAL - SOUTHAMPTON,21238,7702.0
NTP13,PRACTICE PLUS GROUP HOSPITAL - BARLBOROUGH,3906,916.0
NTP15,PRACTICE PLUS GROUP HOSPITAL - ILFORD,9438,3158.0
NTP16,PRACTICE PLUS GROUP SURGICAL CENTRE - GILLINGHAM,2060,200.0
NTPAD,PRACTICE PLUS GROUP SURGICAL CENTRE - ST MARYS PORTSMOUTH,3726,130.0
NTPAE,PRACTICE PLUS GROUP OPHTHALMOLOGY - NORTH WEST,3170,118.0
NTPH1,PRACTICE PLUS GROUP HOSPITAL - SHEPTON MALLET,5410,1554.0
NTPH2,PRACTICE PLUS GROUP HOSPITAL - EMERSONS GREEN,10346,2184.0
NTPH3,PRACTICE PLUS GROUP SURGICAL CENTRE - DEVIZES,5826,1338.0
NTPH5,PRACTICE PLUS GROUP HOSPITAL - PLYMOUTH,3142,478.0
NTX,THE ONE HEALTH GROUP PLC,11456,3150.0
NV1,INHEALTH LIMITED,2028,390.0
NVC01,ASHTEAD HOSPITAL,2066,582.0
NVC02,THE BERKSHIRE INDEPENDENT HOSPITAL,2190,502.0
NVC04,DUCHY HOSPITAL,3240,1280.0
NVC05,EUXTON HALL HOSPITAL,6684,2096.0
NVC06,FITZWILLIAM HOSPITAL,13760,7670.0
NVC07,FULWOOD HALL HOSPITAL,8626,2468.0
NVC08,MOUNT STUART HOSPITAL,4624,1916.0
NVC09,NEW HALL HOSPITAL,6852,1938.0
NVC0I,BEACON PARK HOSPITAL,2886,1184.0
NVC0R,TEES VALLEY HOSPITAL,8608,2118.0
NVC0Y,EXETER MEDICAL,512,74.0
NVC11,NORTH DOWNS HOSPITAL,3028,1036.0
NVC12,OAKLANDS HOSPITAL,7614,2904.0
NVC13,OAKS HOSPITAL,2294,978.0
NVC14,PARK HILL HOSPITAL,1530,374.0
NVC15,PINEHILL HOSPITAL,3624,1334.0
NVC16,RENACRES HOSPITAL,10584,5270.0
NVC17,ROWLEY HALL HOSPITAL,5258,2176.0
NVC18,SPRINGFIELD HOSPITAL,9950,2804.0
NVC19,RIVERS HOSPITAL,9532,3210.0
NVC1H,STOURSIDE HOSPITAL,5922,1758.0
NVC20,THE YORKSHIRE CLINIC,14828,3790.0
NVC21,WEST MIDLANDS HOSPITAL,878,310.0
NVC22,WINFIELD HOSPITAL,2230,568.0
NVC23,WOODLAND HOSPITAL,10172,3854.0
NVC25,THE CHERWELL HOSPITAL,4118,1438.0
NVC27,BOSTON WEST HOSPITAL,4816,1902.0
NVC28,CLIFTON PARK HOSPITAL,2886,1110.0
NVC29,COBALT HOSPITAL,3630,1314.0
NVC31,BLAKELANDS HOSPITAL,4636,1360.0
NVC40,WOODTHORPE HOSPITAL,7198,2146.0
NVC44,THE WESTBOURNE CENTRE,7332,3348.0
NVM,EPSOMEDICAL GROUP,6260,1508.0
NWF01,BENENDEN HOSPITAL,2864,498.0
NWV01,COHESE HEALTHCARE,1902,2.0
NX501,ANGLIA COMMUNITY EYE SERVICE LTD,1360,270.0
NX504,ANGLIA COMMUNITY EYE SERVICES FAKENHAM,448,28.0
NX507,ANGLIA COMMUNITY EYE SERVICE - THETFORD HEALTHY LIVING CENTRE,358,38.0
NXM01,THE HORDER CENTRE - ST JOHNS ROAD,2494,1140.0
NXP,INDEPENDENT HEALTH GROUP,2182,110.0
NYG,SUSSEX COMMUNITY DERMATOLOGY SERVICE,26724,6250.0
NYR,CORA HEALTH DIAGNOSTICS (FORMERLY HEALTHSHARE DIAGNOSTICS),3824,1596.0
O1B1P,ACES PLYMOUTH,4,2.0
O1P6X,SPAMEDICA OLDHAM,1256,78.0
O5Y9D,SPAMEDICA OXFORD,354,28.0
O6X7Z,SPAMEDICA CAMBRIDGE,1048,76.0
O9Q4E,ANGLIA COMMUNITY EYE SERVICE - PETERBOROUGH,892,308.0
P0C3F,SPAMEDICA LEEDS,542,34.0
P1B7M,SPAMEDICA BRISTOL,312,24.0
P1G3N,ACES LEEDS WHITE ROSE,12,4.0
P5Y6K,NEWMEDICA - SHREWSBURY,932,40.0
Q1W6P,SPAMEDICA WATFORD,760,36.0
Q2Y5H,OVIVA UK LTD,19712,8756.0
Q4W9A,ACES SOUTHAMPTON,68,6.0
Q6V1S,OPTEGRA EYE HOSPITAL SHEFFIELD,516,24.0
Q8X0X,SPAMEDICA ISLE OF WIGHT COMMUNITY DIAGNOSTIC & TREATMENT CENTRE,46,2.0
R0A,MANCHESTER UNIVERSITY NHS FOUNDATION TRUST,332660,123100.0
R0B,SOUTH TYNESIDE AND SUNDERLAND NHS FOUNDATION TRUST,115798,27118.0
R0D,UNIVERSITY HOSPITALS DORSET NHS FOUNDATION TRUST,133032,43210.0
R0F4N,NUFFIELD HEALTH PARKSIDE HOSPITAL,1642,494.0
R1A,HEREFORDSHIRE AND WORCESTERSHIRE HEALTH AND CARE NHS TRUST,80,8.0
R1D,SHROPSHIRE COMMUNITY HEALTH NHS TRUST,16206,3058.0
R1F,ISLE OF WIGHT NHS TRUST,26438,9724.0
R1G7E,SPAMEDICA KENDAL,894,42.0
R1H,BARTS HEALTH NHS TRUST,243022,91338.0
R1K,LONDON NORTH WEST UNIVERSITY HEALTHCARE NHS TRUST,163574,58826.0
R5J3Z,BORDER HEALTH ALLIANCE LIMITED,1120,340.0
R6X7C,SPAMEDICA MACCLESFIELD COMMUNITY DIAGNOSTIC & TREATMENT CENTRE,98,0.0
R7W2O,NEWCASTLE NEWMEDICA LTD,1790,76.0
RA2,ROYAL SURREY NHS FOUNDATION TRUST,60798,21592.0
RA7,UNIVERSITY HOSPITALS BRISTOL AND WESTON NHS FOUNDATION TRUST,99848,31934.0
RA9,TORBAY AND SOUTH DEVON NHS FOUNDATION TRUST,66956,22506.0
RAE,BRADFORD TEACHING HOSPITALS NHS FOUNDATION TRUST,62892,21272.0
RAJ,MID AND SOUTH ESSEX NHS FOUNDATION TRUST,347954,171878.0
RAL,ROYAL FREE LONDON NHS FOUNDATION TRUST,266780,93642.0
RAN,ROYAL NATIONAL ORTHOPAEDIC HOSPITAL NHS TRUST,18316,5130.0
RAS,THE HILLINGDON HOSPITALS NHS FOUNDATION TRUST,65986,23938.0
RAX,KINGSTON AND RICHMOND NHS FOUNDATION TRUST,87722,27996.0
RBD,DORSET COUNTY HOSPITAL NHS FOUNDATION TRUST,42994,16034.0
RBK,WALSALL HEALTHCARE NHS TRUST,54608,14638.0
RBL,WIRRAL UNIVERSITY TEACHING HOSPITAL NHS FOUNDATION TRUST,87332,30824.0
RBN,MERSEY AND WEST LANCASHIRE TEACHING HOSPITALS NHS TRUST,155332,52342.0
RBQ,LIVERPOOL HEART AND CHEST HOSPITAL NHS FOUNDATION TRUST,12068,2480.0
RBS,ALDER HEY CHILDREN'S NHS FOUNDATION TRUST,32994,10406.0
RBT,MID CHESHIRE HOSPITALS NHS FOUNDATION TRUST,61170,22954.0
RBV,THE CHRISTIE NHS FOUNDATION TRUST,6132,180.0
RC9,BEDFORDSHIRE HOSPITALS NHS FOUNDATION TRUST,168998,64090.0
RCB,YORK AND SCARBOROUGH TEACHING HOSPITALS NHS FOUNDATION TRUST,109930,47736.0
RCD,HARROGATE AND DISTRICT NHS FOUNDATION TRUST,41548,9872.0
RCF,AIREDALE NHS FOUNDATION TRUST,28404,7564.0
RCU,SHEFFIELD CHILDREN'S NHS FOUNDATION TRUST,21622,5904.0
RCX,"THE QUEEN ELIZABETH HOSPITAL, KING'S LYNN, NHS FOUNDATION TRUST",50058,20792.0
RD1,ROYAL UNITED HOSPITALS BATH NHS FOUNDATION TRUST,78210,24146.0
RD8,MILTON KEYNES UNIVERSITY HOSPITAL NHS FOUNDATION TRUST,66896,25048.0
RDE,EAST SUFFOLK AND NORTH ESSEX NHS FOUNDATION TRUST,177184,70626.0
RDR,SUSSEX COMMUNITY NHS FOUNDATION TRUST,26348,11718.0
RDU,FRIMLEY HEALTH NHS FOUNDATION TRUST,133666,51912.0
REF,ROYAL CORNWALL HOSPITALS NHS TRUST,83724,22064.0
REM,LIVERPOOL UNIVERSITY HOSPITALS NHS FOUNDATION TRUST,121300,45870.0
REN,THE CLATTERBRIDGE CANCER CENTRE NHS FOUNDATION TRUST,1454,52.0
REP,LIVERPOOL WOMEN'S NHS FOUNDATION TRUST,23720,9466.0
RET,THE WALTON CENTRE NHS FOUNDATION TRUST,30920,11086.0
RF4,"BARKING, HAVERING AND REDBRIDGE UNIVERSITY HOSPITALS NHS TRUST",137750,46822.0
RFF,BARNSLEY HOSPITAL NHS FOUNDATION TRUST,42988,12462.0
RFR,THE ROTHERHAM NHS FOUNDATION TRUST,56548,17376.0
RFS,CHESTERFIELD ROYAL HOSPITAL NHS FOUNDATION TRUST,54076,20632.0
RGM,ROYAL PAPWORTH HOSPITAL NHS FOUNDATION TRUST,10566,2242.0
RGN,NORTH WEST ANGLIA NHS FOUNDATION TRUST,158368,61212.0
RGP,JAMES PAGET UNIVERSITY HOSPITALS NHS FOUNDATION TRUST,65654,29220.0
RGR,WEST SUFFOLK NHS FOUNDATION TRUST,58260,19804.0
RGT,CAMBRIDGE UNIVERSITY HOSPITALS NHS FOUNDATION TRUST,116870,43326.0
RH5,SOMERSET NHS FOUNDATION TRUST,104604,36186.0
RH8,ROYAL DEVON UNIVERSITY HEALTHCARE NHS FOUNDATION TRUST,141450,52674.0
RHM,UNIVERSITY HOSPITAL SOUTHAMPTON NHS FOUNDATION TRUST,119366,43564.0
RHU,PORTSMOUTH HOSPITALS UNIVERSITY NHS TRUST,106874,41212.0
RHW,ROYAL BERKSHIRE NHS FOUNDATION TRUST,69352,11246.0
RJ1,GUY'S AND ST THOMAS' NHS FOUNDATION TRUST,211576,66740.0
RJ2,LEWISHAM AND GREENWICH NHS TRUST,110634,38836.0
RJ6,CROYDON HEALTH SERVICES NHS TRUST,64682,18744.0
RJ7,ST GEORGE'S UNIVERSITY HOSPITALS NHS FOUNDATION TRUST,133994,49070.0
RJ8,CORNWALL PARTNERSHIP NHS FOUNDATION TRUST,1298,28.0
RJC,SOUTH WARWICKSHIRE UNIVERSITY NHS FOUNDATION TRUST,59410,18494.0
RJE,UNIVERSITY HOSPITALS OF NORTH MIDLANDS NHS TRUST,130802,46136.0
RJL,NORTHERN LINCOLNSHIRE AND GOOLE NHS FOUNDATION TRUST,79032,30374.0
RJN,EAST CHESHIRE NHS TRUST,32538,12992.0
RJR,COUNTESS OF CHESTER HOSPITAL NHS FOUNDATION TRUST,61206,21906.0
RJZ,KING'S COLLEGE HOSPITAL NHS FOUNDATION TRUST,167836,56416.0
RK5,SHERWOOD FOREST HOSPITALS NHS FOUNDATION TRUST,66272,24102.0
RK9,UNIVERSITY HOSPITALS PLYMOUTH NHS TRUST,91414,31460.0
RKB,UNIVERSITY HOSPITALS COVENTRY AND WARWICKSHIRE NHS TRUST,142098,57950.0
RKE,WHITTINGTON HEALTH NHS TRUST,43640,12476.0
RL1,THE ROBERT JONES AND AGNES HUNT ORTHOPAEDIC HOSPITAL NHS FOUNDATION TRUST,47866,22800.0
RL4,THE ROYAL WOLVERHAMPTON NHS TRUST,144886,57064.0
RLQ,WYE VALLEY NHS TRUST,52062,18084.0
RLT,GEORGE ELIOT HOSPITAL NHS TRUST,38236,12696.0
RM1,NORFOLK AND NORWICH UNIVERSITY HOSPITALS NHS FOUNDATION TRUST,134254,48770.0
RM3,NORTHERN CARE ALLIANCE NHS FOUNDATION TRUST,258442,105884.0
RMC,BOLTON NHS FOUNDATION TRUST,75698,28670.0
RMP,TAMESIDE AND GLOSSOP INTEGRATED CARE NHS FOUNDATION TRUST,32802,7730.0
RN3,GREAT WESTERN HOSPITALS NHS FOUNDATION TRUST,85340,36088.0
RN5,HAMPSHIRE HOSPITALS NHS FOUNDATION TRUST,97036,34478.0
RN7,DARTFORD AND GRAVESHAM NHS TRUST,59142,22880.0
RNA,THE DUDLEY GROUP NHS FOUNDATION TRUST,91326,32858.0
RNN,NORTH CUMBRIA INTEGRATED CARE NHS FOUNDATION TRUST,70604,25224.0
RNQ,KETTERING GENERAL HOSPITAL NHS FOUNDATION TRUST,47344,16914.0
RNS,NORTHAMPTON GENERAL HOSPITAL NHS TRUST,79548,30928.0
RNZ,SALISBURY NHS FOUNDATION TRUST,60718,17216.0
RP4,GREAT ORMOND STREET HOSPITAL FOR CHILDREN NHS FOUNDATION TRUST,17094,4450.0
RP5,DONCASTER AND BASSETLAW TEACHING HOSPITALS NHS FOUNDATION TRUST,104474,39858.0
RP6,MOORFIELDS EYE HOSPITAL NHS FOUNDATION TRUST,75538,10726.0
RP7,LINCOLNSHIRE PARTNERSHIP NHS FOUNDATION TRUST,14,0.0
RPA,MEDWAY NHS FOUNDATION TRUST,68196,25894.0
RPC,QUEEN VICTORIA HOSPITAL NHS FOUNDATION TRUST,41682,15902.0
RPG,OXLEAS NHS FOUNDATION TRUST,4158,1840.0
RPY,THE ROYAL MARSDEN NHS FOUNDATION TRUST,3924,208.0
RQ3,BIRMINGHAM WOMEN'S AND CHILDREN'S NHS FOUNDATION TRUST,43682,16556.0
RQM,CHELSEA AND WESTMINSTER HOSPITAL NHS FOUNDATION TRUST,151290,51444.0
RQW,THE PRINCESS ALEXANDRA HOSPITAL NHS TRUST,79524,28538.0
RQX,HOMERTON HEALTHCARE NHS FOUNDATION TRUST,52564,12322.0
RR7,GATESHEAD HEALTH NHS FOUNDATION TRUST,23144,5204.0
RR8,LEEDS TEACHING HOSPITALS NHS TRUST,170248,55796.0
RRE,MIDLANDS PARTNERSHIP UNIVERSITY NHS FOUNDATION TRUST,17906,1286.0
RRF,"WRIGHTINGTON, WIGAN AND LEIGH TEACHING HOSPITALS NHS FOUNDATION TRUST",88748,34428.0
RRJ,THE ROYAL ORTHOPAEDIC HOSPITAL NHS FOUNDATION TRUST,25182,8670.0
RRK,UNIVERSITY HOSPITALS BIRMINGHAM NHS FOUNDATION TRUST,179088,56230.0
RRV,UNIVERSITY COLLEGE LONDON HOSPITALS NHS FOUNDATION TRUST,149336,54882.0
RT1,CAMBRIDGESHIRE AND PETERBOROUGH NHS FOUNDATION TRUST,392,246.0
RTD,THE NEWCASTLE UPON TYNE HOSPITALS NHS FOUNDATION TRUST,162602,44680.0
RTE,GLOUCESTERSHIRE HOSPITALS NHS FOUNDATION TRUST,135224,34488.0
RTF,NORTHUMBRIA HEALTHCARE NHS FOUNDATION TRUST,74430,12838.0
RTG,UNIVERSITY HOSPITALS OF DERBY AND BURTON NHS FOUNDATION TRUST,186544,71166.0
RTH,OXFORD UNIVERSITY HOSPITALS NHS FOUNDATION TRUST,176426,65270.0
RTK,ASHFORD AND ST PETER'S HOSPITALS NHS FOUNDATION TRUST,101864,38806.0
RTP,SURREY AND SUSSEX HEALTHCARE NHS TRUST,94538,31166.0
RTR,SOUTH TEES HOSPITALS NHS FOUNDATION TRUST,108528,37758.0
RTX,UNIVERSITY HOSPITALS OF MORECAMBE BAY NHS FOUNDATION TRUST,67882,19326.0
RVJ,NORTH BRISTOL NHS TRUST,78974,23136.0
RVR,EPSOM AND ST HELIER UNIVERSITY HOSPITALS NHS TRUST,116458,38988.0
RVV,EAST KENT HOSPITALS UNIVERSITY NHS FOUNDATION TRUST,158432,68948.0
RVW,NORTH TEES AND HARTLEPOOL NHS FOUNDATION TRUST,43068,12644.0
RW1,HAMPSHIRE AND ISLE OF WIGHT HEALTHCARE NHS FOUNDATION TRUST,8728,826.0
RW4,MERSEY CARE NHS FOUNDATION TRUST,106,0.0
RW5,LANCASHIRE & SOUTH CUMBRIA NHS FOUNDATION TRUST,8066,466.0
RWA,HULL UNIVERSITY TEACHING HOSPITALS NHS TRUST,161998,70776.0
RWD,UNITED LINCOLNSHIRE TEACHING HOSPITALS NHS TRUST,135506,53082.0
RWE,UNIVERSITY HOSPITALS OF LEICESTER NHS TRUST,227946,93252.0
RWF,MAIDSTONE AND TUNBRIDGE WELLS NHS TRUST,92362,22112.0
RWG,WEST HERTFORDSHIRE TEACHING HOSPITALS NHS TRUST,90788,29054.0
RWH,EAST AND NORTH HERTFORDSHIRE TEACHING NHS TRUST,108664,33538.0
RWJ,STOCKPORT NHS FOUNDATION TRUST,67992,25738.0
RWP,WORCESTERSHIRE ACUTE HOSPITALS NHS TRUST,111204,41588.0
RWW,WARRINGTON AND HALTON TEACHING HOSPITALS NHS FOUNDATION TRUST,66264,23012.0
RWX,BERKSHIRE HEALTHCARE NHS FOUNDATION TRUST,200,0.0
RWY,CALDERDALE AND HUDDERSFIELD NHS FOUNDATION TRUST,72614,17446.0
RX1,NOTTINGHAM UNIVERSITY HOSPITALS NHS TRUST,166374,60754.0
RX4,"CUMBRIA, NORTHUMBERLAND, TYNE AND WEAR NHS FOUNDATION TRUST",306,4.0
RXC,EAST SUSSEX HEALTHCARE NHS TRUST,114934,38702.0
RXF,MID YORKSHIRE TEACHING NHS TRUST,107816,35718.0
RXG,SOUTH WEST YORKSHIRE PARTNERSHIP NHS FOUNDATION TRUST,8632,308.0
RXK,SANDWELL AND WEST BIRMINGHAM HOSPITALS NHS TRUST,131514,48656.0
RXL,BLACKPOOL TEACHING HOSPITALS NHS FOUNDATION TRUST,80568,30982.0
RXN,LANCASHIRE TEACHING HOSPITALS NHS FOUNDATION TRUST,130334,52884.0
RXP,COUNTY DURHAM AND DARLINGTON NHS FOUNDATION TRUST,86054,28592.0
RXQ,BUCKINGHAMSHIRE HEALTHCARE NHS TRUST,91792,31596.0
RXR,EAST LANCASHIRE HOSPITALS NHS TRUST,95446,28644.0
RXW,THE SHREWSBURY AND TELFORD HOSPITAL NHS TRUST,68550,21318.0
RYJ,IMPERIAL COLLEGE HEALTHCARE NHS TRUST,167888,51866.0
RYR,UNIVERSITY HOSPITALS SUSSEX NHS FOUNDATION TRUST,225070,101052.0
RYW,BIRMINGHAM COMMUNITY HEALTHCARE NHS FOUNDATION TRUST,29838,6808.0
RYY,KENT COMMUNITY HEALTH NHS FOUNDATION TRUST,8782,8.0
S0L9O,ACES BIRMINGHAM,34,10.0
S1Z4X,NEWMEDICA - BIRMINGHAM,1898,130.0
S3H9L,THE HAMPTONS HOSPITAL LTD,1828,974.0
S4E3I,MIDLAND EYE (EYE-DOCS LTD),1286,80.0
S5E5Y,HCRG CARE DERMATOLOGY THE IRONSTONE CENTRE,2418,200.0
S8O6A,ACES MANCHESTER TRAFFORD,6,4.0
T1I9W,ACES LINCOLN,20,0.0
T1T4S,ACES BRISTOL,142,26.0
T4I8V,SPAMEDICA CHESTERFIELD,356,10.0
T8R5I,SPAMEDICA WOKINGHAM,472,46.0
T8V3L,SPAMEDICA DONCASTER,506,22.0
TAD,BRADFORD DISTRICT CARE NHS FOUNDATION TRUST,1082,438.0
U0K8N,CES MEDICAL,138,12.0
U1P4Z,ACES MILTON KEYNES,286,44.0
U6A5N,ACES CHISWICK,24,8.0
V3J9W,PASTEL HEALTH,78,0.0
V4U1Y,SPAMEDICA CHESTER,412,30.0
V5F1D,SPAMEDICA TELFORD,768,92.0
V8A3H,SPAMEDICA SHEFFIELD COMMUNITY DIAGNOSTIC & TREATMENT CENTRE,22,0.0
V8N5R,SPAMEDICA DALSTON,794,82.0
W7J4C,ACES MANCHESTER,210,74.0
X0R3Y,ACES LEEDS KING STREET,56,16.0
X1M4L,ACES MAIDSTONE,10,2.0
X7M7U,ACES LAKESIDE,18,0.0
X7Y2H,ACES WILMSLOW,10,2.0
Y7W8F,ACES SOUTHAMPTON - EAST ST,20,0.0
Y8L9S,SPAMEDICA BROMLEY,1190,110.0
Y9S1N,FAIRFIELD INDEPENDENT HOSPITAL,3250,1118.0
Z1E5F,NEWMEDICA - HARROGATE,486,82.0
Z2L9B,NEWMEDICA - MANCHESTER WEST,688,142.0
Z4F8Y,ACES DARTFORD,734,82.0
Z5J5V,SPAMEDICA HAYDOCK,592,50.0
Z9Z1G,SPAMEDICA GATESHEAD,1018,52.0
