trust_code,trust_name,available_beds,occupied_beds,ae_attendances,ae_within_4h,emergency_admissions,rtt_total_waiting,rtt_over_18_weeks,provider_type_source,backlog_maintenance_cost,floor_area_m2,provider_group,provider_type_inference_source,is_acute_general,flag_specialist,flag_mental_health,flag_community,flag_ambulance,flag_non_acute,bed_occupancy_pressure,ae_delay_burden,emergency_admissions_intensity,waiting_list_burden,estates_burden,resource_capacity_strain,raw_components_available,primary_acute_eligible,rvpi_standardisation_sample,bed_occupancy_pressure_z,bed_occupancy_pressure_pct,ae_delay_burden_z,ae_delay_burden_pct,emergency_admissions_intensity_z,emergency_admissions_intensity_pct,waiting_list_burden_z,waiting_list_burden_pct,estates_burden_z,estates_burden_pct,resource_capacity_strain_z,resource_capacity_strain_pct,components_available,rvpi_z,rvpi_percentile,rvpi_rank,cluster
R0A,MANCHESTER UNIVERSITY NHS FOUNDATION TRUST,2067.0666666666666,1865.0,46865.0,36160.0,6836.0,332660.0,123100.0,ACUTE - TEACHING,277768334.0,537714.0,acute_general,eric_trust_type,True,False,False,False,False,False,0.9022447268270658,0.22842206337351967,3.307101851254596,0.3700474959418024,516.5726278281763,22.672224730697284,6,True,primary_acute_trusts,-0.6107921133714197,23.684210526315788,-0.39229019011209854,41.228070175438596,-1.2001037729428758,11.403508771929824,0.4600505205535184,65.48672566371681,-0.36080572527096627,44.24778761061947,-0.043124260767694995,57.01754385964912,6,-0.35784425698525624,14.912280701754385,98,2
R0B,SOUTH TYNESIDE AND SUNDERLAND NHS FOUNDATION TRUST,1121.3777777777775,986.1222222222224,21385.0,16768.0,6222.0,115798.0,27118.0,ACUTE - LARGE,95596323.0,195825.0,acute_general,eric_trust_type,True,False,False,False,False,False,0.8793844873370064,0.21589899462239892,5.548531568308828,0.2341836646574207,488.17220988127156,19.07029051563553,6,True,primary_acute_trusts,-1.1009787292819169,10.526315789473683,-0.558244748275782,32.45614035087719,-0.044147969738617454,54.385964912280706,-2.001257960326378,3.5398230088495577,-0.4048536272194032,40.707964601769916,-0.5839459544110941,33.33333333333333,6,-0.7822381648755319,5.263157894736842,109,1
R0D,UNIVERSITY HOSPITALS DORSET NHS FOUNDATION TRUST,1062.977777777778,1000.7111111111112,19798.0,13401.0,6766.0,133032.0,43210.0,ACUTE - TEACHING,65738637.0,165981.0,acute_general,eric_trust_type,True,False,False,False,False,False,0.9414224191997322,0.32311344580260637,6.365137768114728,0.32480906849479824,396.0612178502359,18.625036584855955,6,True,primary_acute_trusts,0.22928571922043486,57.01754385964912,0.8625513223982519,79.82456140350878,0.37699424516821156,72.80701754385966,-0.3594886024373482,28.31858407079646,-0.5477140581095936,30.08849557522124,-0.65079975311143,28.947368421052634,6,-0.014861854478578906,47.368421052631575,61,3
R1F,ISLE OF WIGHT NHS TRUST,283.84444444444443,273.5444444444444,6188.0,4765.0,1540.0,26438.0,9724.0,ACUTE - MULTI-SERVICE,31575263.0,60998.0,acute_general,eric_trust_type,True,False,False,False,False,False,0.9637125185939089,0.22996121525533286,5.42550692867768,0.3678039186020123,517.6442342371881,21.80067329523213,6,True,primary_acute_trusts,0.7072469582131978,72.80701754385966,-0.37189349058345855,42.10526315789473,-0.10759454807061045,51.75438596491229,0.419405884805121,62.83185840707964,-0.3591437069823723,45.13274336283185,-0.17398559672841274,50.877192982456144,6,0.019005916775577465,50.877192982456144,57,4
R1H,BARTS HEALTH NHS TRUST,2010.233333333333,1788.588888888889,45558.0,34557.0,5875.0,243022.0,91338.0,ACUTE - TEACHING,523060480.0,421665.0,acute_general,eric_trust_type,True,False,False,False,False,False,0.8897419315612894,0.2414724087975767,2.922546304740744,0.37584251631539534,1240.4645393855312,22.663040774702775,6,True,primary_acute_trusts,-0.8788865444650967,18.421052631578945,-0.21934820985354497,47.368421052631575,-1.3984277320948448,5.263157894736842,0.5650330803529762,71.68141592920354,0.7619214120956873,85.84070796460178,-0.04450320950432855,56.14035087719298,6,-0.2023685339115253,32.45614035087719,78,2
R1K,LONDON NORTH WEST UNIVERSITY HEALTHCARE NHS TRUST,1035.1888888888889,1005.2333333333332,29625.0,24947.0,7426.0,163574.0,58826.0,ACUTE - TEACHING,463212926.0,198177.0,acute_general,eric_trust_type,True,False,False,False,False,False,0.9710627153391221,0.1579071729957806,7.173570040894308,0.35962928093706825,2337.3697553197394,28.617965588674103,6,True,primary_acute_trusts,0.8648554587881426,80.7017543859649,-1.3267470480248982,7.017543859649122,0.7939209817537035,81.57894736842105,0.27131419018234537,55.75221238938053,2.463177129125189,98.23008849557522,0.8496143204450246,80.7017543859649,6,0.6526891720449178,95.6140350877193,6,5
RA2,ROYAL SURREY COUNTY HOSPITAL NHS FOUNDATION TRUST,476.0,452.0,10349.0,7748.0,3508.0,60798.0,21592.0,ACUTE - MEDIUM,49785250.0,89667.0,acute_general,eric_trust_type,True,False,False,False,False,False,0.9495798319327731,0.2513286307855831,7.369747899159663,0.3551432612914899,555.2237724023331,21.741596638655462,6,True,primary_acute_trusts,0.4042031580308751,64.03508771929825,-0.08873446032538732,53.50877192982456,0.8950943230352018,85.08771929824562,0.19004548095579227,50.442477876106196,-0.3008593600597154,50.442477876106196,-0.18285581354996985,50.0,6,0.1528155546811328,65.78947368421053,40,4
RA7,UNIVERSITY HOSPITALS BRISTOL AND WESTON NHS FOUNDATION TRUST,1021.9777777777778,960.5222222222222,19464.0,12878.0,6643.0,99848.0,31934.0,ACUTE - TEACHING,120755625.0,223148.0,acute_general,eric_trust_type,True,False,False,False,False,False,0.939866054926178,0.3383682696259762,6.500141338146078,0.319826135726304,541.1458986860738,19.045423905716586,6,True,primary_acute_trusts,0.1959129745162824,55.26315789473685,1.0647068481551165,85.08771929824562,0.44661862778598516,75.43859649122807,-0.4497593872872021,26.548672566371685,-0.322693573987678,47.78761061946903,-0.5876796156299188,32.45614035087719,6,0.057850978925430875,54.385964912280706,53,3
RA9,TORBAY AND SOUTH DEVON NHS FOUNDATION TRUST,385.74444444444447,369.1777777777778,10748.0,7159.0,3460.0,66956.0,22506.0,ACUTE - MULTI-SERVICE,64112642.0,111757.0,acute_general,eric_trust_type,True,False,False,False,False,False,0.9570527407322061,0.33392259024934867,8.969669038223348,0.3361311906326543,573.6789820771853,27.863006596192065,6,True,primary_acute_trusts,0.5644429436636874,65.78947368421053,1.005793112923918,82.45614035087719,1.7202096997512881,94.73684210526315,-0.15437709501096658,34.51327433628318,-0.2722360747363975,52.21238938053098,0.7362590572538977,78.94736842105263,6,0.6000152739742378,93.85964912280701,8,4
RAE,BRADFORD TEACHING HOSPITALS NHS FOUNDATION TRUST,616.8111111111111,582.0333333333333,13766.0,11417.0,4007.0,62892.0,21272.0,ACUTE - TEACHING,110311518.0,150328.0,acute_general,eric_trust_type,True,False,False,False,False,False,0.9436168104768252,0.17063780328345202,6.496316178192496,0.33823061756662215,733.8055319035709,22.31801559994956,6,True,primary_acute_trusts,0.27633952347167473,58.77192982456141,-1.1580419034215326,8.771929824561402,0.4446459066192739,74.56140350877193,-0.11634388728589641,38.05309734513274,-0.023886258924520384,64.60176991150442,-0.09630790337668568,54.385964912280706,6,-0.1122657538196144,39.473684210526315,70,4
RAJ,MID AND SOUTH ESSEX NHS FOUNDATION TRUST,1701.1333333333334,1684.2444444444443,36939.0,25137.0,10303.0,347954.0,171878.0,ACUTE - LARGE,64599825.0,320741.0,acute_general,eric_trust_type,True,False,False,False,False,False,0.9900719781583518,0.31949971574758385,6.056550534937492,0.4939675934175207,201.4080675685366,21.714347297879844,6,True,primary_acute_trusts,1.27246650837331,92.98245614035088,0.8146625032499569,78.0701754385965,0.21784885672624116,69.2982456140351,2.704986380120368,100.0,-0.8496132376777271,10.619469026548673,-0.18694723603273267,49.122807017543856,6,0.6622339624599026,96.49122807017544,5,3
RAL,ROYAL FREE LONDON NHS FOUNDATION TRUST,1410.0444444444445,1390.6444444444444,44561.0,35941.0,7445.0,266780.0,93642.0,ACUTE - TEACHING,151661426.0,238904.0,acute_general,eric_trust_type,True,False,False,False,False,False,0.986241568429679,0.19344269652835444,5.2799754144865405,0.35100832146337807,634.8216270970767,31.602549959024145,6,True,primary_acute_trusts,1.1903319540408757,91.22807017543859,-0.8558335503699649,14.035087719298245,-0.18264842868010014,46.49122807017544,0.11513693192807477,46.902654867256636,-0.17740630012747216,56.63716814159292,1.2977424309598509,89.47368421052632,6,0.23122050629187738,70.17543859649122,35,4
RAS,THE HILLINGDON HOSPITALS NHS FOUNDATION TRUST,397.7,372.6555555555556,12287.0,9928.0,1882.0,65986.0,23938.0,ACUTE - SMALL,146291959.0,82896.0,acute_general,eric_trust_type,True,False,False,False,False,False,0.937026792948342,0.19199153576951244,4.7322102087000255,0.36277392174097534,1764.7649946921445,30.895147095800855,6,True,primary_acute_trusts,0.13503136296518825,51.75438596491229,-0.8750641996097167,13.157894736842104,-0.4651432861385179,35.08771929824561,0.32828248709263,56.63716814159292,1.5750902566543101,93.80530973451327,1.191527605331768,88.59649122807018,6,0.3149540377159436,79.82456140350878,24,5
RAX,KINGSTON HOSPITAL NHS FOUNDATION TRUST,400.94444444444446,371.03333333333336,16099.0,12566.0,4103.0,87722.0,27996.0,ACUTE - MEDIUM,34603723.0,53284.0,acute_general,eric_trust_type,True,False,False,False,False,False,0.9253983649715949,0.2194546245108392,10.233337952057642,0.3191445703472333,649.4205202312139,40.15269502563392,6,True,primary_acute_trusts,-0.1143142206958778,39.473684210526315,-0.511125867204648,36.84210526315789,2.3719122283477856,96.49122807017544,-0.46210662224975374,25.663716814159294,-0.15476400611157476,58.4070796460177,2.58152599271526,98.24561403508771,6,0.6185212508001986,94.73684210526315,7,4
RBD,DORSET COUNTY HOSPITAL NHS FOUNDATION TRUST,333.03333333333336,319.47777777777776,9089.0,7183.0,2510.0,42994.0,16034.0,ACUTE - SMALL,56526380.0,59330.0,acute_general,eric_trust_type,True,False,False,False,False,False,0.9592967003636605,0.2097040378479481,7.536783104794314,0.37293575847792715,952.7453227709422,27.291562406165546,6,True,primary_acute_trusts,0.6125596302128685,69.2982456140351,-0.640339747095867,28.947368421052634,0.9812381417878822,86.8421052631579,0.5123742700604167,68.14159292035397,0.31568051994354507,73.45132743362832,0.6504580969308276,78.0701754385965,6,0.40532848530661214,85.96491228070175,17,4
RBK,WALSALL HEALTHCARE NHS TRUST,478.4666666666666,443.27777777777777,14445.0,12522.0,5571.0,54608.0,14638.0,ACUTE - SMALL,32974079.0,96513.0,acute_general,eric_trust_type,True,False,False,False,False,False,0.9264548790116578,0.13312564901349944,11.64344433607357,0.2680559624963375,341.65427455368706,30.19019088755748,6,True,primary_acute_trusts,-0.09165964429979225,41.228070175438596,-1.6551495302626595,4.385964912280701,3.099135859468736,99.12280701754386,-1.3876275838701857,11.504424778761061,-0.6320970312095276,23.008849557522122,1.0856801390198179,86.8421052631579,6,0.06971370147439813,57.89473684210527,49,4
RBL,WIRRAL UNIVERSITY TEACHING HOSPITAL NHS FOUNDATION TRUST,785.0888888888888,724.3,11597.0,7131.0,4357.0,87332.0,30824.0,ACUTE - TEACHING,61128760.0,119584.0,acute_general,eric_trust_type,True,False,False,False,False,False,0.9225706926321152,0.3850995947227731,5.549690056327663,0.3529519534649384,511.1784185175274,14.771575759291235,6,True,primary_acute_trusts,-0.17494731841980954,37.719298245614034,1.6839860809827991,96.49122807017544,-0.04355051136723685,55.26315789473685,0.15034775944505172,49.557522123893804,-0.3691719261926927,43.36283185840708,-1.2293875577847793,7.894736842105263,6,0.002879421110555428,49.122807017543856,59,3
RBN,MERSEY AND WEST LANCASHIRE TEACHING HOSPITALS NHS TRUST,1198.7888888888888,1165.6777777777777,25674.0,19186.0,8706.0,155332.0,52342.0,ACUTE - TEACHING,31675117.0,213941.0,acute_general,eric_trust_type,True,False,False,False,False,False,0.9723795311935194,0.2527070187738568,7.2623295733657125,0.33696855767002293,148.05538442841717,21.41661491690688,6,True,primary_acute_trusts,0.8930916243683396,81.57894736842105,-0.07046818916468461,54.385964912280706,0.8396962723503054,83.33333333333334,-0.13920735799412423,37.16814159292036,-0.9323610958266993,7.964601769911504,-0.23165103152598798,47.368421052631575,6,0.059850037034524815,55.26315789473685,52,4
RBT,THE MID CHESHIRE HOSPITALS NHS FOUNDATION TRUST,532.1,497.8555555555556,10856.0,6902.0,3210.0,61170.0,22954.0,ACUTE - SMALL,111520345.0,99503.0,acute_general,eric_trust_type,True,False,False,False,False,False,0.9356428407358685,0.3642225497420781,6.032700620184175,0.3752493052149747,1120.7736952654693,20.40218004134561,6,True,primary_acute_trusts,0.10535560860971645,47.368421052631575,1.4073253962584966,92.98245614035088,0.2055489183631252,68.42105263157895,0.5542864710558976,70.79646017699115,0.5762857437832526,81.41592920353983,-0.3839659697605197,39.473684210526315,6,0.41080602805166144,86.8421052631579,16,3
RC9,BEDFORDSHIRE HOSPITALS NHS FOUNDATION TRUST,1075.8666666666666,1041.4666666666667,27101.0,21675.0,7835.0,168998.0,64090.0,ACUTE - MEDIUM,169889391.0,142941.0,acute_general,eric_trust_type,True,False,False,False,False,False,0.9680257776676169,0.20021401424301688,7.282500929483208,0.379235257221979,1188.5280710223099,25.18992440203247,6,True,primary_acute_trusts,0.7997351348924284,76.31578947368422,-0.7661006692483021,21.052631578947366,0.8500990951491231,84.21052631578947,0.6264959574694293,75.22123893805309,0.6813700459049445,84.070796460177,0.3349022436151955,69.2982456140351,6,0.4210836346304698,88.59649122807018,14,4
RCB,YORK AND SCARBOROUGH TEACHING HOSPITALS NHS FOUNDATION TRUST,838.8,831.1555555555556,19818.0,14066.0,7307.0,109930.0,47736.0,ACUTE - TEACHING,114524322.0,170448.0,acute_general,eric_trust_type,True,False,False,False,False,False,0.9908864515445346,0.29024119487334743,8.711254172627564,0.4342399708905667,671.9018234300197,23.626609442060087,6,True,primary_acute_trusts,1.2899310652558271,93.85964912280701,0.4269312689410927,68.42105263157895,1.5869393316255909,92.98245614035088,1.6229610722908188,96.46017699115043,-0.11989641223230928,61.94690265486725,0.10017429083501615,62.28070175438597,6,0.8178401027860062,99.12280701754386,2,4
RCD,HARROGATE AND DISTRICT NHS FOUNDATION TRUST,285.02222222222224,281.8111111111112,7127.0,5616.0,1457.0,41548.0,9872.0,ACUTE - SMALL,33363774.0,62392.0,acute_general,eric_trust_type,True,False,False,False,False,False,0.9887338219242167,0.21201066367335486,5.111882114455013,0.23760469818041782,534.7444223618413,25.005067830968343,6,True,primary_acute_trusts,1.2437727461642365,92.10526315789474,-0.6097725532784523,29.82456140350877,-0.2693379305515065,42.10526315789473,-1.9392825343139715,6.1946902654867255,-0.33262200539253217,46.902654867256636,0.3071464774421315,68.42105263157895,6,-0.2666826333216824,25.438596491228072,86,1
RCF,AIREDALE NHS FOUNDATION TRUST,380.2111111111111,359.14444444444445,6526.0,4466.0,1977.0,28404.0,7564.0,ACUTE - SMALL,318972898.0,71565.0,acute_general,eric_trust_type,True,False,False,False,False,False,0.9445921856278676,0.31566043518234754,5.199742832929075,0.26630052105337276,4457.1074966813385,17.16414857243052,6,True,primary_acute_trusts,0.2972542581900301,60.526315789473685,0.7637847094333905,76.31578947368422,-0.22402617858309548,44.73684210526316,-1.4194291521787767,10.619469026548673,5.750804809902781,100.0,-0.8701485479338023,18.421052631578945,6,0.7163733164717545,98.24561403508771,3,5
RCX,THE QUEEN ELIZABETH HOSPITAL KING'S LYNN NHS FOUNDATION TRUST,489.56666666666666,487.47777777777776,9086.0,6113.0,2319.0,50058.0,20792.0,ACUTE - SMALL,127781396.0,66794.0,acute_general,eric_trust_type,True,False,False,False,False,False,0.9957331880801615,0.32720669161347127,4.7368421052631575,0.41535818450597306,1913.0669820642572,18.55927010281201,6,True,primary_acute_trusts,1.3938584708126165,96.49122807017544,0.9167946403499033,80.7017543859649,-0.46275451272695134,35.96491228070175,1.2808987255777586,94.69026548672566,1.8051006533582463,95.57522123893806,-0.6606744310151086,28.07017543859649,6,0.7122039243927442,97.36842105263158,4,3
RD1,ROYAL UNITED HOSPITALS BATH NHS FOUNDATION TRUST,509.76666666666665,497.1555555555556,9444.0,5916.0,5318.0,78210.0,24146.0,ACUTE - MEDIUM,74931842.0,113242.0,acute_general,eric_trust_type,True,False,False,False,False,False,0.9752610126637461,0.37357052096569254,10.43222389328451,0.3087328986063163,661.6965613464969,18.526123062839208,6,True,primary_acute_trusts,0.954878538338048,84.21052631578947,1.5312038532862855,94.73684210526315,2.4744821890240836,98.24561403508771,-0.6507244148866854,20.353982300884958,-0.13572436182282246,61.06194690265486,-0.6656513787401379,27.192982456140353,6,0.584744070866462,92.98245614035088,9,3
RD8,MILTON KEYNES UNIVERSITY HOSPITAL NHS FOUNDATION TRUST,572.0,493.18888888888887,15047.0,11939.0,3057.0,66896.0,25048.0,ACUTE - TEACHING,34013060.0,72295.0,acute_general,eric_trust_type,True,False,False,False,False,False,0.8622183372183372,0.20655280122283515,5.344405594405594,0.37443195407797175,470.47596652603914,26.305944055944057,6,True,primary_acute_trusts,-1.4690683566255427,7.894736842105263,-0.6820996457423579,26.31578947368421,-0.14942033332103316,48.24561403508772,0.5394793419889182,69.91150442477876,-0.43229978641410993,37.16814159292036,0.5024698901435306,74.56140350877193,6,-0.2818231483284325,21.929824561403507,90,2
RDE,EAST SUFFOLK AND NORTH ESSEX NHS FOUNDATION TRUST,1233.2888888888888,1182.1,25184.0,19320.0,5571.0,177184.0,70626.0,ACUTE - LARGE,122441923.0,215900.0,acute_general,eric_trust_type,True,False,False,False,False,False,0.958493999783776,0.23284625158831007,4.517189808641754,0.39860258262597076,567.1233117183881,20.420195322353962,6,True,primary_acute_trusts,0.5953475147836279,67.54385964912281,-0.33366125378586386,43.859649122807014,-0.5760341507342275,28.947368421052634,0.9773543266039484,89.38053097345133,-0.2824036548653387,51.32743362831859,-0.38126101897445097,40.35087719298245,6,-0.00010970616205078591,48.24561403508772,60,3
RDU,FRIMLEY HEALTH NHS FOUNDATION TRUST,1389.5555555555557,1240.1555555555556,36352.0,28553.0,7106.0,133666.0,51912.0,ACUTE - LARGE,104865028.0,171058.0,acute_general,eric_trust_type,True,False,False,False,False,False,0.8924836078682232,0.21454115316901412,5.113865344634575,0.3883710143192734,613.0378468121924,26.16088277626739,6,True,primary_acute_trusts,-0.8200974389790296,19.298245614035086,-0.576238738641174,31.57894736842105,-0.2683151340668739,42.98245614035088,0.7919992868710809,85.84070796460178,-0.21119206412040845,54.86725663716814,0.480689290534365,72.80701754385966,6,-0.10052579973367337,40.35087719298245,69,2
REF,ROYAL CORNWALL HOSPITALS NHS TRUST,673.4222222222222,671.0444444444445,19564.0,15572.0,3870.0,83724.0,22064.0,ACUTE - LARGE,55208025.0,115328.0,acute_general,eric_trust_type,True,False,False,False,False,False,0.9964691129883845,0.20404825189122877,5.746766103484688,0.26353255936171227,478.704434309101,29.05161034846885,6,True,primary_acute_trusts,1.4096387315786032,97.36842105263158,-0.715289703705482,24.561403508771928,0.05808604616137343,61.40350877192983,-1.4695735321953722,9.734513274336283,-0.41953776499696804,38.93805309734513,0.9147250302550755,82.45614035087719,6,-0.03699186548379502,44.73684210526316,64,1
REM,LIVERPOOL UNIVERSITY HOSPITALS NHS FOUNDATION TRUST,1533.6333333333334,1477.4222222222222,27225.0,19069.0,8146.0,121300.0,45870.0,ACUTE - TEACHING,59304977.0,297359.0,acute_general,eric_trust_type,True,False,False,False,False,False,0.9633477508023792,0.29957759412304863,5.311569475537395,0.3781533388293487,199.43898452712043,17.75196157273577,6,True,primary_acute_trusts,0.6994253302114067,71.9298245614035,0.5506563752322519,71.9298245614035,-0.1663546596001924,47.368421052631575,0.6068959293366516,72.56637168141593,-0.8526672059995588,9.734513274336283,-0.7818898504147409,21.929824561403507,6,0.009344319794303021,50.0,58,3
RF4,"BARKING, HAVERING AND REDBRIDGE UNIVERSITY HOSPITALS NHS TRUST",896.0,868.6444444444444,31214.0,24448.0,5886.0,137750.0,46822.0,ACUTE - TEACHING,57738651.0,155255.0,acute_general,eric_trust_type,True,False,False,False,False,False,0.969469246031746,0.2167617094893317,6.569196428571429,0.33990562613430125,371.8955975652958,34.83705357142857,6,True,primary_acute_trusts,0.8306870797700835,78.94736842105263,-0.546812130008773,33.33333333333333,0.4822318936897169,76.31578947368422,-0.08599944053946498,38.93805309734513,-0.5851939598076673,28.31858407079646,1.783395310027289,93.85964912280701,6,0.31305145885519736,78.94736842105263,25,4
RFF,BARNSLEY HOSPITAL NHS FOUNDATION TRUST,476.74444444444447,436.44444444444446,9461.0,7618.0,3924.0,42988.0,12462.0,ACUTE - SMALL,23281530.0,72369.0,acute_general,eric_trust_type,True,False,False,False,False,False,0.9154683384995456,0.1947997040481979,8.230824807141026,0.28989485437796597,321.70584089872733,19.84501363413895,6,True,primary_acute_trusts,-0.32724138947519554,32.45614035087719,-0.8378506112153536,14.912280701754385,1.3391710840475357,89.47368421052632,-0.9919943289183185,15.929203539823009,-0.6630362466570359,20.353982300884958,-0.4676231555932561,37.719298245614034,6,-0.3247624413019374,17.543859649122805,95,4
RFR,THE ROTHERHAM NHS FOUNDATION TRUST,475.6333333333333,439.05555555555554,9778.0,6752.0,2218.0,56548.0,17376.0,ACUTE - SMALL,19042226.0,84790.0,acute_general,eric_trust_type,True,False,False,False,False,False,0.9230966897937253,0.30947023931274287,4.6632560095311515,0.3072787720166938,224.58103549946927,20.557852687644544,6,True,primary_acute_trusts,-0.16366848782224386,38.59649122807017,0.6817528016875383,73.68421052631578,-0.5007045201482629,31.57894736842105,-0.677067364835001,19.469026548672566,-0.8136728997156499,13.274336283185843,-0.36059209916807844,42.98245614035088,6,-0.30565876166694966,19.298245614035086,93,3
RFS,CHESTERFIELD ROYAL HOSPITAL NHS FOUNDATION TRUST,555.1888888888889,506.5444444444444,12851.0,9533.0,2386.0,54076.0,20632.0,ACUTE - SMALL,6322998.0,102008.0,acute_general,eric_trust_type,True,False,False,False,False,False,0.9123821722336742,0.25819002412263636,4.297636440050433,0.3815370959390487,61.98531487726453,23.14707707086677,6,True,primary_acute_trusts,-0.3934173102770063,31.57894736842105,0.002192094680230704,59.64912280701754,-0.6892627693275982,21.929824561403507,0.6681960560341658,79.64601769911505,-1.06585229977208,3.5398230088495577,0.028173667375223865,59.64912280701754,6,-0.24166176021451072,28.07017543859649,83,2
RGN,NORTH WEST ANGLIA NHS FOUNDATION TRUST,999.7777777777778,879.5,21625.0,15608.0,5646.0,158368.0,61212.0,ACUTE - LARGE,70368955.0,161862.0,acute_general,eric_trust_type,True,False,False,False,False,False,0.8796954878861969,0.27824277456647395,5.6472549455434535,0.3865174782784401,434.7466051327674,21.629806623694154,6,True,primary_acute_trusts,-1.0943100193228499,11.403508771929824,0.2679293038268187,64.91228070175438,0.00676590008205615,57.01754385964912,0.7584206373232815,83.1858407079646,-0.4877145838397451,34.51327433628318,-0.1996408133900513,48.24561403508772,6,-0.124758262553415,38.59649122807017,71,2
RGR,WEST SUFFOLK NHS FOUNDATION TRUST,485.8444444444444,448.03333333333336,9239.0,7228.0,2285.0,58260.0,19804.0,ACUTE - SMALL,111299238.0,64494.0,acute_general,eric_trust_type,True,False,False,False,False,False,0.9221744499839915,0.21766424937763829,4.703151443077346,0.3399244764847236,1725.7301144292492,19.01637469697663,6,True,primary_acute_trusts,-0.1834438541996584,36.84210526315789,-0.5348517542122564,35.08771929824561,-0.4801295462473717,32.45614035087719,-0.08565794768648465,39.823008849557525,1.5145487328780243,92.92035398230088,-0.5920412839258162,31.57894736842105,6,-0.060262608898927206,41.228070175438596,68,2
RGT,CAMBRIDGE UNIVERSITY HOSPITALS NHS FOUNDATION TRUST,1067.588888888889,952.8777777777776,17967.0,12844.0,3475.0,116870.0,43326.0,ACUTE - TEACHING,238059284.0,243929.0,acute_general,eric_trust_type,True,False,False,False,False,False,0.8925512317475514,0.28513385651472145,3.254998282734719,0.3707196029776675,975.9367848841262,16.829511984430127,6,True,primary_acute_trusts,-0.8186473964028349,20.175438596491226,0.3592492895842076,66.66666666666666,-1.226974757091939,9.649122807017543,0.47222640821836087,66.3716814159292,0.35164954163583856,75.22123893805309,-0.9203934206804074,16.666666666666664,6,-0.2971483891227957,20.175438596491226,92,2
RH5,SOMERSET NHS FOUNDATION TRUST,1144.0666666666666,1015.1888888888888,22545.0,16418.0,4300.0,104604.0,36186.0,ACUTE - MULTI-SERVICE,184634661.0,204563.0,acute_general,eric_trust_type,True,False,False,False,False,False,0.8873511644620554,0.27176757595919276,3.7585222306392403,0.3459332339107491,902.5809212809746,19.706019462735274,6,True,primary_acute_trusts,-0.930151188228487,16.666666666666664,0.18212056594879036,61.40350877192983,-0.9672961130533011,14.035087719298245,0.023196671474594935,43.36283185840708,0.2378775579497083,71.68141592920354,-0.4884927935979605,36.84210526315789,6,-0.32379088325110916,18.421052631578945,94,2
RH8,ROYAL DEVON UNIVERSITY HEALTHCARE NHS FOUNDATION TRUST,1100.6333333333334,1041.8333333333333,19576.0,13786.0,5589.0,141450.0,52674.0,ACUTE - LARGE,168157279.0,240867.0,acute_general,eric_trust_type,True,False,False,False,False,False,0.9465762136951451,0.29577033101757255,5.077985402344105,0.3723860021208908,698.1333225389945,17.78612314122172,6,True,primary_acute_trusts,0.3397972947401545,61.40350877192983,0.5002028738549932,70.17543859649122,-0.28681922866048515,41.228070175438596,0.5024148866748639,67.2566371681416,-0.07921241586039814,62.83185840707964,-0.7767605736920207,22.807017543859647,6,0.03327047284285126,51.75438596491229,56,3
RHM,UNIVERSITY HOSPITAL SOUTHAMPTON NHS FOUNDATION TRUST,1228.9333333333334,1045.7555555555557,13305.0,9644.0,5516.0,119366.0,43564.0,ACUTE - TEACHING,164863046.0,192190.0,acute_general,eric_trust_type,True,False,False,False,False,False,0.8509457162489603,0.2751597143930853,4.488445264185743,0.3649615468391334,857.8128206462355,10.826461972442226,6,True,primary_acute_trusts,-1.7107844562238583,6.140350877192982,0.2270728732637448,62.28070175438597,-0.5908583599082082,28.07017543859649,0.36791349231440845,59.29203539823009,0.16844404077882258,69.02654867256636,-1.8217368324877392,1.7543859649122806,6,-0.5599915403771383,7.017543859649122,107,2
RHQ,SHEFFIELD TEACHING HOSPITALS NHS FOUNDATION TRUST,1517.8,1374.9,19423.0,14728.0,6527.0,,,ACUTE - TEACHING,179920788.0,328495.0,acute_general,eric_trust_type,True,False,False,False,False,False,0.9058505731980498,0.24172372959892907,4.300303070233232,,547.7124096257173,12.79681117406773,5,True,primary_acute_trusts,-0.533472817094825,25.438596491228072,-0.2160177296513946,49.122807017543856,-0.6878875280646881,22.807017543859647,,,-0.31250918055538773,48.67256637168141,-1.5258936747098686,2.631578947368421,5,-0.6551561860152327,6.140350877192982,108,
RHU,PORTSMOUTH HOSPITALS UNIVERSITY NHS TRUST,1134.2666666666669,1070.9888888888888,18623.0,14265.0,5845.0,106874.0,41212.0,ACUTE - LARGE,8384928.0,166884.0,acute_general,eric_trust_type,True,False,False,False,False,False,0.9442126092237763,0.23401170595500187,5.153109204184788,0.38561296479967067,50.24404975911411,16.418537674855997,6,True,primary_acute_trusts,0.2891150926715792,59.64912280701754,-0.3182167594428169,44.73684210526316,-0.24807619155529653,43.859649122807014,0.7420344757133869,82.30088495575221,-1.0840625280737117,2.6548672566371683,-0.9821002173282737,13.157894736842104,6,-0.2668843546691888,24.561403508771928,87,3
RHW,ROYAL BERKSHIRE NHS FOUNDATION TRUST,612.4111111111112,611.2,18612.0,14319.0,2630.0,69352.0,11246.0,ACUTE - LARGE,161072820.0,115858.0,acute_general,eric_trust_type,True,False,False,False,False,False,0.9980223887366874,0.23065764023210833,4.294500789230183,0.1621582650824778,1390.2606639161731,30.3913493114647,6,True,primary_acute_trusts,1.4429452497787962,98.24561403508771,-0.36266453068458526,42.98245614035088,-0.6908798951000067,21.052631578947366,-3.3060697350032275,0.8849557522123894,0.9942491552266882,89.38053097345133,1.1158835888921732,87.71929824561403,6,-0.13442269448169364,36.84210526315789,73,1
RJ1,GUY'S AND ST THOMAS' NHS FOUNDATION TRUST,1216.9444444444443,1032.8111111111111,17742.0,13198.0,2372.0,211576.0,66740.0,ACUTE - TEACHING,531861351.0,471597.0,acute_general,eric_trust_type,True,False,False,False,False,False,0.8486920794339193,0.2561154323075189,1.949144031043141,0.31544220516504706,1127.7878167163913,14.579137183291488,6,True,primary_acute_trusts,-1.759108648292652,5.263157894736842,-0.0253002057207397,57.01754385964912,-1.9004332148327803,1.7543859649122806,-0.5291786511781549,24.778761061946902,0.5871643630522451,82.30088495575221,-1.258281743625073,6.140350877192982,6,-0.8141896834328591,4.385964912280701,110,2
RJ2,THE LEWISHAM AND GREENWICH NHS TRUST,984.9,928.6,35406.0,26851.0,4536.0,110634.0,38836.0,ACUTE - LARGE,65763529.0,152269.0,acute_general,eric_trust_type,True,False,False,False,False,False,0.9428368362270282,0.24162571315596226,4.605543710021322,0.351031328524685,431.8904635874669,35.94882729211088,6,True,primary_acute_trusts,0.2596147232712398,57.89473684210527,-0.2173166345610939,48.24561403508772,-0.5304680532303203,30.701754385964914,0.11555372773443123,47.78761061946903,-0.4921443440979727,33.6283185840708,1.9503254399706313,95.6140350877193,6,0.18092747651448593,68.42105263157895,37,4
RJ6,CROYDON HEALTH SERVICES NHS TRUST,433.8555555555556,426.5111111111111,18627.0,14786.0,1294.0,64682.0,18744.0,ACUTE - MEDIUM,184128797.0,89054.0,acute_general,eric_trust_type,True,False,False,False,False,False,0.9830716828437523,0.20620604498845763,2.9825594796015054,0.28978695773167185,2067.6083836773196,42.93364406996696,6,True,primary_acute_trusts,1.1223608599994273,86.8421052631579,-0.6866948275472549,25.438596491228072,-1.3674775857569168,7.017543859649122,-0.9939489840172636,15.04424778761062,2.0447881297169546,96.46017699115043,2.999078752508349,100.0,6,0.5196843908172158,92.10526315789474,10,5
RJ7,ST GEORGE'S UNIVERSITY HOSPITALS NHS FOUNDATION TRUST,826.0,813.6111111111111,13294.0,10397.0,2421.0,133994.0,49070.0,ACUTE - TEACHING,105855000.0,142464.0,acute_general,eric_trust_type,True,False,False,False,False,False,0.9850013451708367,0.21791785768015648,2.930992736077482,0.36621042733256715,743.0298180592991,16.09443099273608,6,True,primary_acute_trusts,1.1637381450613256,88.59649122807018,-0.5314909602545229,35.96491228070175,-1.3940717171612602,6.140350877192982,0.39053820502150044,61.06194690265486,-0.00957976340422741,65.48672566371681,-1.0307640502245754,11.403508771929824,6,-0.23527169016029334,30.701754385964914,80,3
RJC,SOUTH WARWICKSHIRE UNIVERSITY NHS FOUNDATION TRUST,443.9333333333333,404.25555555555553,9084.0,7276.0,2478.0,59410.0,18494.0,ACUTE - TEACHING,56389944.0,86200.0,acute_general,eric_trust_type,True,False,False,False,False,False,0.9106222155478801,0.199031263760458,5.581919207088152,0.3112943948830163,654.1756844547564,20.462531911698456,6,True,primary_acute_trusts,-0.4311556380987075,30.701754385964914,-0.7817743701319916,19.298245614035086,-0.026929212215865632,56.14035087719298,-0.6043203612840198,23.008849557522122,-0.14738893832704797,60.17699115044248,-0.3749042826807589,41.228070175438596,6,-0.3944121337897319,14.035087719298245,99,2
RJE,UNIVERSITY HOSPITALS OF NORTH MIDLANDS NHS TRUST,1354.5,1261.611111111111,25668.0,17056.0,6014.0,130802.0,46136.0,ACUTE - TEACHING,51217602.0,214872.0,acute_general,eric_trust_type,True,False,False,False,False,False,0.9314220089413887,0.33551503817983486,4.440014765596161,0.35271631932233455,238.36331397296996,18.95016611295681,6,True,primary_acute_trusts,0.014849327843798056,44.73684210526316,1.0268960867999382,83.33333333333334,-0.6158350591420697,26.31578947368421,0.1460790125085563,48.67256637168141,-0.7922971420784997,15.04424778761062,-0.6019823423698045,29.82456140350877,6,-0.13704835273968025,35.96491228070175,74,3
RJL,NORTHERN LINCOLNSHIRE AND GOOLE NHS FOUNDATION TRUST,604.7,477.6222222222222,17930.0,12950.0,6237.0,79032.0,30374.0,ACUTE - MEDIUM,66225536.0,166976.0,acute_general,eric_trust_type,True,False,False,False,False,False,0.7898498796464729,0.27774679308421635,10.314205391103025,0.3843253365725276,396.61709467228826,29.651066644617163,6,True,primary_acute_trusts,-3.0208477827002387,1.7543859649122806,0.26135660272765215,63.1578947368421,2.4136173885602727,97.36842105263158,0.7187078092582514,80.53097345132744,-0.5468519155946859,30.973451327433626,1.0047319404291895,85.08771929824562,6,0.13845234044674015,62.28070175438597,44,2
RJN,EAST CHESHIRE NHS TRUST,307.0,281.5444444444444,4503.0,2288.0,1016.0,32538.0,12992.0,ACUTE - SMALL,16982682.0,48841.0,acute_general,eric_trust_type,True,False,False,False,False,False,0.9170828809265291,0.4918942926937597,3.3094462540716614,0.39928698752228164,347.7136422268176,14.667752442996743,6,True,primary_acute_trusts,-0.29262114462294303,33.33333333333333,3.0992196206384035,100.0,-1.1988947115920714,12.280701754385964,0.9897530022464728,90.2654867256637,-0.6226991965144691,24.778761061946902,-1.2449763771261393,7.017543859649122,6,0.12163019883820896,61.40350877192983,45,3
RJR,COUNTESS OF CHESTER HOSPITAL NHS FOUNDATION TRUST,519.7111111111111,516.2777777777778,8089.0,4933.0,3122.0,61206.0,21906.0,ACUTE - SMALL,51887323.0,73724.0,acute_general,eric_trust_type,True,False,False,False,False,False,0.9933937657673068,0.3901594758313759,6.007183478000599,0.3579060876384668,703.8050431338506,15.564416128618463,6,True,primary_acute_trusts,1.3436948009515703,94.73684210526315,1.7510391612163316,97.36842105263158,0.19238915325255135,67.54385964912281,0.24009682909405494,53.98230088495575,-0.07041580613767472,63.716814159292035,-1.1103444976601904,9.649122807017543,6,0.3910766067861073,85.08771929824562,18,3
RJZ,KING'S COLLEGE HOSPITAL NHS FOUNDATION TRUST,1357.0,1232.0111111111112,26633.0,19212.0,3944.0,167836.0,56416.0,ACUTE - TEACHING,71285531.0,272955.0,acute_general,eric_trust_type,True,False,False,False,False,False,0.9078932285269795,0.2786392820936432,2.9064112011790715,0.33613765819013797,261.1622098880768,19.62638172439204,6,True,primary_acute_trusts,-0.48967265027702,27.192982456140353,0.27318378519937025,65.78947368421053,-1.406748968516181,4.385964912280701,-0.15425992877227984,35.39823008849557,-0.7569369747148116,16.8141592920354,-0.5004502070200652,35.96491228070175,6,-0.5058141573501646,10.526315789473683,103,2
RK5,SHERWOOD FOREST HOSPITALS NHS FOUNDATION TRUST,712.8333333333334,668.7444444444444,17567.0,13624.0,4067.0,66272.0,24102.0,ACUTE - MEDIUM,,134140.0,acute_general,eric_trust_type,True,False,False,False,False,False,0.9381497934689423,0.2244549439289577,5.705400981996727,0.36368300338000964,,24.643909282207154,5,True,primary_acute_trusts,0.15911159296882277,52.63157894736842,-0.4448620930289389,38.59649122807017,0.036753121077690486,57.89473684210527,0.34475140547079547,58.4070796460177,,,0.2529193965592927,65.78947368421053,5,0.0697346846095325,58.77192982456141,48,
RK9,UNIVERSITY HOSPITALS PLYMOUTH NHS TRUST,1077.3444444444444,979.3777777777776,17576.0,11773.0,5076.0,91414.0,31460.0,ACUTE - TEACHING,84025667.0,180454.0,acute_general,eric_trust_type,True,False,False,False,False,False,0.9090665319045801,0.3301661356395085,4.711585070285992,0.3441485986829151,465.6348266040099,16.314188178752282,6,True,primary_acute_trusts,-0.46451378821205885,28.947368421052634,0.9560129210694117,81.57894736842105,-0.4757801346911137,34.21052631578947,-0.009133771293139794,41.5929203539823,-0.43980819903687024,36.283185840707965,-0.9977680412928708,12.280701754385964,6,-0.2384985022427736,29.82456140350877,81,3
RKB,UNIVERSITY HOSPITALS COVENTRY AND WARWICKSHIRE NHS TRUST,1075.388888888889,1060.388888888889,22376.0,17081.0,1381.0,142098.0,57950.0,ACUTE - TEACHING,24777000.0,174807.0,acute_general,eric_trust_type,True,False,False,False,False,False,0.9860515575760707,0.23663746871648195,1.2841865991630934,0.40781714028346633,141.7391752046543,20.807356511856174,6,True,primary_acute_trusts,1.1862575970177547,90.35087719298247,-0.2834203922277059,46.49122807017544,-2.243366743560928,0.8771929824561403,1.144285206555939,92.03539823008849,-0.9421572814002445,7.079646017699115,-0.32312970459785306,43.859649122807014,6,-0.24358855303550628,27.192982456140353,84,3
RKE,WHITTINGTON HEALTH NHS TRUST,268.2111111111111,249.13333333333333,9319.0,6943.0,1454.0,43640.0,12476.0,ACUTE - MULTI-SERVICE,184621795.0,84800.0,acute_general,eric_trust_type,True,False,False,False,False,False,0.9288702928870293,0.25496297886039276,5.42110277973404,0.285884509624198,2177.1438089622643,34.74501843489789,6,True,primary_acute_trusts,-0.039866505644947654,43.859649122807014,-0.040572413070468695,56.14035087719298,-0.10986586690378225,50.877192982456144,-1.0646457142089383,14.15929203539823,2.2146731533053985,97.34513274336283,1.7695764573105768,92.98245614035088,6,0.45488318513130643,89.47368421052632,13,5
RL4,THE ROYAL WOLVERHAMPTON NHS TRUST,822.0777777777778,778.6,21322.0,17001.0,7107.0,144886.0,57064.0,ACUTE - LARGE,65422316.0,191871.0,acute_general,eric_trust_type,True,False,False,False,False,False,0.9471123305445551,0.20265453522183663,8.645167394271967,0.3938544786935936,340.9703185994757,25.936718612729262,6,True,primary_acute_trusts,0.35129311936872715,63.1578947368421,-0.7337591091420395,22.807017543859647,1.5528568911305907,92.10526315789474,0.8913376997623456,88.49557522123894,-0.633157819288931,22.123893805309734,0.4470315846073934,71.05263157894737,6,0.3126003944063477,78.0701754385965,26,4
RLQ,WYE VALLEY NHS TRUST,298.24444444444447,283.43333333333334,7425.0,4728.0,1567.0,52062.0,18084.0,ACUTE - MULTI-SERVICE,5080077.0,66641.0,acute_general,eric_trust_type,True,False,False,False,False,False,0.9503390209373369,0.36323232323232324,5.254079427762461,0.34735507663939147,76.23050374394141,24.895685865434764,6,True,primary_acute_trusts,0.42048226521806936,64.91228070175438,1.3942030053993366,92.10526315789474,-0.1960035724553604,45.614035087719294,0.0489547671605598,45.13274336283185,-1.0437585867989323,4.424778761061947,0.2907230403880764,67.54385964912281,6,0.15243348648529156,64.91228070175438,41,3
RLT,GEORGE ELIOT HOSPITAL NHS TRUST,404.1111111111111,397.4666666666666,9245.0,8409.0,1265.0,38236.0,12696.0,ACUTE - SMALL,17508316.0,60232.0,acute_general,eric_trust_type,True,False,False,False,False,False,0.9835578773714598,0.09042725797728501,3.1303271927412704,0.3320431007427555,290.68129897728784,22.877371459994503,6,True,primary_acute_trusts,1.132786212293517,87.71929824561403,-2.220984690920145,1.7543859649122806,-1.2912704469693477,7.894736842105263,-0.22843691079480075,31.858407079646017,-0.7111540589760504,19.469026548672566,-0.012321976506092002,57.89473684210527,6,-0.5552303119788199,8.771929824561402,105,4
RM1,NORFOLK AND NORWICH UNIVERSITY HOSPITALS NHS FOUNDATION TRUST,915.5888888888888,902.6,21363.0,17726.0,3831.0,134254.0,48770.0,ACUTE - TEACHING,5050624.0,138235.0,acute_general,eric_trust_type,True,False,False,False,False,False,0.9858136232904142,0.17024762439732244,4.184192323095033,0.36326664382439255,36.53650667341845,23.33252430129971,6,True,primary_acute_trusts,1.1811556293701397,89.47368421052632,-1.1632125182236461,7.894736842105263,-0.7477684562720552,17.543859649122805,0.33720863786555483,57.52212389380531,-1.1053223741408187,1.7699115044247788,0.0560181196211403,61.40350877192983,6,-0.2403201602966142,28.947368421052634,82,4
RM3,NORTHERN CARE ALLIANCE NHS FOUNDATION TRUST,1532.7444444444443,1430.4333333333334,36311.0,26728.0,10772.0,258442.0,105884.0,ACUTE - TEACHING,120761671.0,303182.0,acute_general,eric_trust_type,True,False,False,False,False,False,0.9332497263441758,0.2639145162622897,7.027916518662965,0.40970120955572237,398.31411825240286,23.69018536104446,6,True,primary_acute_trusts,0.054040632418822704,45.614035087719294,0.07805253932265306,60.526315789473685,0.7188041788491102,80.7017543859649,1.1784169959698747,93.80530973451327,-0.5442199005165691,31.858407079646017,0.10972006100380163,63.1578947368421,6,0.26580241784128217,75.43859649122807,29,4
RMC,BOLTON NHS FOUNDATION TRUST,597.7888888888889,528.4888888888889,12240.0,8336.0,3827.0,75698.0,28670.0,ACUTE - MEDIUM,129030817.0,92088.0,acute_general,eric_trust_type,True,False,False,False,False,False,0.8840727867511757,0.31895424836601305,6.401925614765525,0.37874184258500887,1401.1686321779168,20.475455846545604,6,True,primary_acute_trusts,-1.0004486528054137,14.035087719298245,0.8074340195531649,77.19298245614034,0.39596656649500517,73.68421052631578,0.6175572603998405,74.33628318584071,1.011166973737254,90.2654867256637,-0.37296378518268025,42.10526315789473,6,0.2431187303661951,71.9298245614035,33,2
RMP,TAMESIDE AND GLOSSOP INTEGRATED CARE NHS FOUNDATION TRUST,449.76666666666665,421.3888888888889,11912.0,8204.0,2041.0,32802.0,7730.0,ACUTE - SMALL,60615902.0,99736.0,acute_general,eric_trust_type,True,False,False,False,False,False,0.9369055559672917,0.3112827400940228,4.537908545171571,0.2356563624169258,607.7635156813989,26.484843993181652,6,True,primary_acute_trusts,0.13243170754643915,50.0,0.705771895753577,75.43859649122807,-0.5653490315246107,29.82456140350877,-1.9745785751583296,5.3097345132743365,-0.21937233882365798,53.98230088495575,0.5293312821825508,76.31578947368422,6,-0.23196084333733857,31.57894736842105,79,1
RN3,GREAT WESTERN HOSPITALS NHS FOUNDATION TRUST,584.8777777777777,564.5666666666667,12222.0,8419.0,4039.0,85340.0,36088.0,ACUTE - MEDIUM,8182213.0,75763.0,acute_general,eric_trust_type,True,False,False,False,False,False,0.9652728965215907,0.31116020291278024,6.905716294002546,0.422873213030232,107.997478980505,20.89667356902677,6,True,primary_acute_trusts,0.7407057667372438,74.56140350877193,0.7041480442698973,74.56140350877193,0.655782769891116,79.82456140350878,1.417040944341607,95.57522123893806,-0.9944892903739804,5.3097345132743365,-0.3097189649101994,45.614035087719294,6,0.36891154499261397,84.21052631578947,19,3
RN5,HAMPSHIRE HOSPITALS NHS FOUNDATION TRUST,858.9555555555555,775.6111111111111,15327.0,9636.0,5091.0,97036.0,34478.0,ACUTE - LARGE,111459810.0,136141.0,acute_general,eric_trust_type,True,False,False,False,False,False,0.9029700152640158,0.3713055392444705,5.926965565415363,0.3553114308091842,818.7086182707634,17.84376374408196,6,True,primary_acute_trusts,-0.5952399279001294,24.561403508771928,1.5011885233168976,93.85964912280701,0.1510189684690184,65.78947368421053,0.19309203908839892,51.32743362831859,0.10779500120388376,68.14159292035397,-0.7681059768559236,24.561403508771928,6,0.09829143788702431,59.64912280701754,47,3
RN7,DARTFORD AND GRAVESHAM NHS TRUST,556.1555555555556,523.4888888888889,16297.0,13327.0,4353.0,59142.0,22880.0,ACUTE - SMALL,0.0,76026.0,acute_general,eric_trust_type,True,False,False,False,False,False,0.9412634354896712,0.18224213045345772,7.826946897350861,0.3868655101281661,0.0,29.302952810964157,6,True,primary_acute_trusts,0.22587666977221635,56.14035087719298,-1.0042624244010427,10.526315789473683,1.1308821468322665,88.59649122807018,0.7647255805539342,84.070796460177,-1.1619890213182607,0.8849557522123894,0.9524634919079308,84.21052631578947,6,0.15128274055784077,64.03508771929825,42,4
RNN,NORTH CUMBRIA INTEGRATED CARE NHS FOUNDATION TRUST,611.0333333333333,538.5777777777778,11172.0,6996.0,2570.0,70604.0,25224.0,ACUTE - MEDIUM,16258887.0,144796.0,acute_general,eric_trust_type,True,False,False,False,False,False,0.8814212717982289,0.3737916219119226,4.20598985325405,0.35726021188601215,112.2882331003619,18.2837815722001,6,True,primary_acute_trusts,-1.0573044500680038,12.280701754385964,1.534133862740869,95.6140350877193,-0.7365269788832612,19.298245614035086,0.22839614722689996,53.09734513274337,-0.9878345039159202,6.1946902654867255,-0.7020383662812921,25.438596491228072,6,-0.28686238153011806,21.052631578947366,91,3
RNQ,KETTERING GENERAL HOSPITAL NHS FOUNDATION TRUST,526.5222222222222,512.7222222222222,21057.0,16887.0,2309.0,47344.0,16914.0,ACUTE - SMALL,53839504.0,83729.0,acute_general,eric_trust_type,True,False,False,False,False,False,0.9737902800346085,0.19803390796409748,4.385379956528162,0.3572575194322406,643.0209843662292,39.99261400806128,6,True,primary_acute_trusts,0.9233419723847659,83.33333333333334,-0.7949912376431745,17.543859649122805,-0.6440114610691895,24.561403508771928,0.22834737074798253,52.21238938053098,-0.16468942794245575,57.52212389380531,2.5574902158591,97.36842105263158,6,0.35091457205617144,81.57894736842105,22,4
RNS,NORTHAMPTON GENERAL HOSPITAL NHS TRUST,708.2444444444444,638.7555555555556,13882.0,10414.0,3130.0,79548.0,30928.0,ACUTE - MEDIUM,41393653.0,111131.0,acute_general,eric_trust_type,True,False,False,False,False,False,0.901885726836309,0.2498199106756951,4.419378118038343,0.3887967013626992,372.47620375952704,19.600577327350884,6,True,primary_acute_trusts,-0.6184900638087943,22.807017543859647,-0.10872788080443088,52.63157894736842,-0.6264778432194096,25.438596491228072,0.7997110311983228,86.72566371681415,-0.584293463034628,29.20353982300885,-0.5043246747027031,35.08771929824561,6,-0.2737671490619405,23.684210526315788,88,2
RNZ,SALISBURY NHS FOUNDATION TRUST,448.3555555555556,419.9,7533.0,5218.0,2416.0,60718.0,17216.0,ACUTE - SMALL,81960949.0,92810.0,acute_general,eric_trust_type,True,False,False,False,False,False,0.936533505154639,0.30731448294172303,5.388580491673275,0.2835403010639349,883.1047193190388,16.801397700237903,6,True,primary_acute_trusts,0.12445391147477833,49.122807017543856,0.6531849160381741,72.80701754385966,-0.12663834356512071,50.0,-1.1071133846388241,13.274336283185843,0.20767075479803854,70.79646017699115,-0.9246147123211127,15.789473684210526,6,-0.1955094763690111,34.21052631578947,76,3
RP5,DONCASTER AND BASSETLAW TEACHING HOSPITALS NHS FOUNDATION TRUST,754.7777777777778,722.8222222222222,18713.0,14494.0,5750.0,104474.0,39858.0,ACUTE - TEACHING,151328533.0,151398.0,acute_general,eric_trust_type,True,False,False,False,False,False,0.9576622994258794,0.22545823758884198,7.618136316796702,0.3815111893868331,999.5411630272527,24.792727808037686,6,True,primary_acute_trusts,0.5775135640909347,66.66666666666666,-0.4315665374951071,39.473684210526315,1.0231938260584814,87.71929824561403,0.6677267330651615,78.76106194690266,0.388258979424608,76.10619469026548,0.27526413757333756,66.66666666666666,6,0.41673178378623604,87.71929824561403,15,4
RPA,MEDWAY NHS FOUNDATION TRUST,595.7444444444444,521.9333333333333,17718.0,13534.0,2229.0,68196.0,25894.0,ACUTE - MEDIUM,107759760.0,102547.0,acute_general,eric_trust_type,True,False,False,False,False,False,0.8761027286121938,0.23614403431538544,3.7415371990226984,0.37969968913132734,1050.8328863838044,29.740940373389037,6,True,primary_acute_trusts,-1.1713486921272365,9.649122807017543,-0.2899593396410069,45.614035087719294,-0.9760556765209226,13.157894736842104,0.6349096035919037,76.10619469026548,0.46781037213296683,77.87610619469027,1.0182262630087646,85.96491228070175,6,-0.05273624492592177,42.98245614035088,66,2
RQM,CHELSEA AND WESTMINSTER HOSPITAL NHS FOUNDATION TRUST,786.1666666666666,785.4555555555555,28011.0,22149.0,3387.0,151290.0,51444.0,ACUTE - TEACHING,22691320.0,139289.0,acute_general,eric_trust_type,True,False,False,False,False,False,0.9990954702847855,0.2092749277069723,4.308246767012932,0.3400356930398572,162.90819806302005,35.62984948060208,6,True,primary_acute_trusts,1.4659550792640457,100.0,-0.6460262753154635,28.07017543859649,-0.6837907846684879,23.684210526315788,-0.08364314913578322,40.707964601769916,-0.9093249813632256,8.849557522123893,1.9024316945675401,94.73684210526315,6,0.17426693055810427,67.54385964912281,38,4
RQW,THE PRINCESS ALEXANDRA HOSPITAL NHS TRUST,451.0,432.4,11667.0,9297.0,2230.0,79524.0,28538.0,ACUTE - SMALL,64961843.0,61677.0,acute_general,eric_trust_type,True,False,False,False,False,False,0.9587583148558758,0.20313705322705067,4.9445676274944566,0.3588602182988783,1053.2587998767774,25.86917960088692,6,True,primary_acute_trusts,0.6010151592885367,68.42105263157895,-0.7273648248054505,23.684210526315788,-0.35562578097600367,39.473684210526315,0.25738185531580793,54.86725663716814,0.47157286604674076,78.76106194690266,0.4368907656499459,70.17543859649122,6,0.11397834008659617,60.526315789473685,46,4
RQX,HOMERTON HEALTHCARE NHS FOUNDATION TRUST,279.3,247.7555555555556,11459.0,9751.0,2356.0,52564.0,12322.0,ACUTE - TEACHING,131983340.0,69412.0,acute_general,eric_trust_type,True,False,False,False,False,False,0.8870589171341052,0.14905314599877828,8.435374149659864,0.23441899398828095,1901.4484527171094,41.02756892230576,6,True,primary_acute_trusts,-0.936417777375949,15.789473684210526,-1.4440798014784273,6.140350877192982,1.4446617883632695,90.35087719298247,-1.996994735357889,4.424778761061947,1.7870807832836233,94.69026548672566,2.712886188174675,99.12280701754386,6,0.26118940760155046,74.56140350877193,30,5
RR7,GATESHEAD HEALTH NHS FOUNDATION TRUST,449.74444444444447,435.7111111111111,10723.0,8054.0,1888.0,23144.0,5204.0,ACUTE - MEDIUM,73892580.0,93000.0,acute_general,eric_trust_type,True,False,False,False,False,False,0.9687970946463423,0.24890422456402128,4.197939570620352,0.22485309367438644,794.5438709677419,23.842429033772266,6,True,primary_acute_trusts,0.8162742993119503,78.0701754385965,-0.12086246914691269,50.877192982456144,-0.7406786910056865,18.421052631578945,-2.1702905370974857,2.6548672566371683,0.07031645346553081,67.2566371681416,0.1325790795241418,64.91228070175438,6,-0.335443644158077,16.666666666666664,96,1
RR8,LEEDS TEACHING HOSPITALS NHS TRUST,1788.611111111111,1721.7222222222222,31367.0,24649.0,5114.0,170248.0,55796.0,ACUTE - TEACHING,254203507.0,429104.0,acute_general,eric_trust_type,True,False,False,False,False,False,0.9626028886473055,0.21417413204960623,2.859201739400528,0.3277336591325596,592.4053539468288,17.53707097375369,6,True,primary_acute_trusts,0.6834534302112266,71.05263157894737,-0.5811024688432961,30.701754385964914,-1.4310959515573345,3.508771929824561,-0.3065067332248064,29.20353982300885,-0.24319222779350702,53.09734513274337,-0.8141551530967169,21.052631578947366,6,-0.4487665173840724,12.280701754385964,101,3
RRF,"WRIGHTINGTON, WIGAN AND LEIGH NHS FOUNDATION TRUST",422.56666666666666,349.9,13504.0,10540.0,2899.0,88748.0,34428.0,ACUTE - MEDIUM,65941034.0,132677.0,acute_general,eric_trust_type,True,False,False,False,False,False,0.82803502405932,0.2194905213270142,6.860455943835293,0.3879298688421148,497.0042584622806,31.957087639031318,6,True,primary_acute_trusts,-2.202052917234092,4.385964912280701,-0.5106501658900424,37.719298245614034,0.6324409876202658,78.94736842105263,0.784007497636464,84.95575221238938,-0.39115547634615117,42.47787610619469,1.3509754044439581,90.35087719298247,6,-0.05607244496159961,42.10526315789473,67,2
RRK,UNIVERSITY HOSPITALS BIRMINGHAM NHS FOUNDATION TRUST,2769.0,2682.3888888888887,38379.0,24693.0,18396.0,179088.0,56230.0,ACUTE - TEACHING,440556166.0,440007.0,acute_general,eric_trust_type,True,False,False,False,False,False,0.9687211588620038,0.35660126631751743,6.643553629469123,0.31397971946752434,1001.2480846895618,13.860238353196099,6,True,primary_acute_trusts,0.8146460265562082,77.19298245614034,1.3063288475291779,90.35087719298247,0.5205795774175287,77.19298245614034,-0.5556730346829428,23.893805309734514,0.39090634602870583,76.99115044247787,-1.3662226608202475,4.385964912280701,6,0.18509418367140507,69.2982456140351,36,3
RRV,UNIVERSITY COLLEGE LONDON HOSPITALS NHS FOUNDATION TRUST,855.2777777777778,678.1222222222223,14539.0,11756.0,1862.0,149336.0,54882.0,ACUTE - TEACHING,253036343.0,212704.0,acute_general,eric_trust_type,True,False,False,False,False,False,0.7928678142253979,0.19141619093472728,2.177070477427736,0.3675068302351744,1189.617228636979,16.999155569990254,6,True,primary_acute_trusts,-2.956134937547161,2.631578947368421,-0.8826886165754052,12.280701754385964,-1.782886411380802,2.631578947368421,0.41402383345299687,61.94690265486725,0.6830592854051177,84.95575221238938,-0.8949218474143771,17.543859649122805,6,-0.9032581156766052,2.631578947368421,112,2
RTD,THE NEWCASTLE UPON TYNE HOSPITALS NHS FOUNDATION TRUST,1454.7777777777778,1256.1333333333334,24132.0,19262.0,7041.0,162602.0,44680.0,ACUTE - TEACHING,182163927.0,294937.0,acute_general,eric_trust_type,True,False,False,False,False,False,0.8634537539143053,0.20180672965357205,4.839914458107385,0.2747813680028536,617.636739371459,16.58810051172382,6,True,primary_acute_trusts,-1.4425776136173913,8.771929824561402,-0.7449941507509477,21.929824561403507,-0.40959777820449245,38.59649122807017,-1.265790171704942,12.389380530973451,-0.204059367379794,55.75221238938053,-0.9566407682827106,14.035087719298245,6,-0.8372766416567131,3.508771929824561,111,2
RTE,GLOUCESTERSHIRE HOSPITALS NHS FOUNDATION TRUST,806.5222222222222,741.9666666666667,14347.0,9264.0,5998.0,135224.0,34488.0,ACUTE - LARGE,82984018.0,173114.0,acute_general,eric_trust_type,True,False,False,False,False,False,0.9199581192224503,0.3542900954903464,7.436868860815298,0.2550434834053127,479.360525434107,17.788722498519018,6,True,primary_acute_trusts,-0.23096810153795114,35.08771929824561,1.275701423765363,87.71929824561403,0.9297101151575848,85.96491228070175,-1.6233615893169573,8.849557522123893,-0.41852019414299213,39.823008849557525,-0.7763702864929842,23.684210526315788,6,-0.14063477209465616,35.08771929824561,75,3
RTF,NORTHUMBRIA HEALTHCARE NHS FOUNDATION TRUST,874.6666666666666,784.0333333333333,25283.0,23044.0,5105.0,74430.0,12838.0,ACUTE - LARGE,66900833.0,185149.0,acute_general,eric_trust_type,True,False,False,False,False,False,0.8963795731707317,0.08855752877427525,5.836509146341464,0.17248421335483005,361.3351030791417,28.905868902439025,6,True,primary_acute_trusts,-0.7365571922475037,21.052631578947366,-2.245762170780539,0.8771929824561403,0.10436855522163319,63.1578947368421,-3.119004908289561,1.7699115044247788,-0.6015728605169022,27.43362831858407,0.8928423053162647,81.57894736842105,6,-0.9509477118827679,1.7543859649122806,113,1
RTG,UNIVERSITY HOSPITALS OF DERBY AND BURTON NHS FOUNDATION TRUST,1472.2111111111112,1393.8777777777775,32146.0,22712.0,6150.0,186544.0,71166.0,ACUTE - TEACHING,82822254.0,298509.0,acute_general,eric_trust_type,True,False,False,False,False,False,0.9467920512607639,0.2934735270329123,4.177390018037872,0.381497126683249,277.4531220164216,21.835183661763484,6,True,primary_acute_trusts,0.34442544773579825,62.28070175438597,0.46976583817004824,69.2982456140351,-0.7512765582420449,16.666666666666664,0.6674719731981058,77.87610619469027,-0.7316704275315459,17.699115044247787,-0.16880394882443478,52.63157894736842,6,-0.02834794591567888,45.614035087719294,63,3
RTH,OXFORD UNIVERSITY HOSPITALS NHS FOUNDATION TRUST,1026.1333333333334,931.6333333333332,19463.0,15612.0,9963.0,176426.0,65270.0,ACUTE - TEACHING,265295884.0,306209.0,acute_general,eric_trust_type,True,False,False,False,False,False,0.9079067047817045,0.19786261110825665,9.709264553014552,0.369956809087096,866.3882642247615,18.967320686070686,6,True,primary_acute_trusts,-0.4893836821889261,28.07017543859649,-0.797261247861185,16.666666666666664,2.1016357693897003,95.6140350877193,0.45840763795199635,63.716814159292035,0.1817442076502201,69.91150442477876,-0.5994066247882951,30.701754385964914,6,0.14262267669225176,63.1578947368421,43,4
RTK,ASHFORD AND ST. PETER'S HOSPITALS NHS FOUNDATION TRUST,473.22222222222223,435.4555555555556,10646.0,7244.0,2984.0,101864.0,38806.0,ACUTE - MEDIUM,93392403.0,83738.0,acute_general,eric_trust_type,True,False,False,False,False,False,0.9201925334585583,0.3195566409919218,6.305705564686546,0.3809589256263253,1115.2929733215506,22.496830241840808,6,True,primary_acute_trusts,-0.2259416134659863,35.96491228070175,0.8154168713653299,78.94736842105263,0.3463437188870162,71.9298245614035,0.6577219255709923,76.99115044247787,0.5677853652591157,80.53097345132744,-0.06945931822721925,55.26315789473685,6,0.34864449156487476,80.7017543859649,23,3
RTP,SURREY AND SUSSEX HEALTHCARE NHS TRUST,660.1888888888889,616.9111111111112,10583.0,5805.0,3923.0,94538.0,31166.0,ACUTE - MEDIUM,96084250.0,100469.0,acute_general,eric_trust_type,True,False,False,False,False,False,0.9344463705673461,0.45147878673344044,5.942238753218776,0.3296663775413061,956.3571848032726,16.030260699799722,6,True,primary_acute_trusts,0.07969998662024229,46.49122807017544,2.5636370435638947,98.24561403508771,0.15889569551535526,66.66666666666666,-0.271493616300086,30.08849557522124,0.32128237217504413,74.33628318584071,-1.040399064201875,10.526315789473683,6,0.30193706956209587,76.31578947368422,28,3
RTR,SOUTH TEES HOSPITALS NHS FOUNDATION TRUST,956.2333333333332,849.1666666666666,19913.0,15939.0,5530.0,108528.0,37758.0,ACUTE - TEACHING,39349501.0,183210.0,acute_general,eric_trust_type,True,False,False,False,False,False,0.8880329068916234,0.1995681213277758,5.783107330846725,0.3479102167182663,214.7781289230937,20.824415240352774,6,True,primary_acute_trusts,-0.9155327493176504,17.543859649122805,-0.7746599829037746,20.175438596491226,0.07682803585887844,62.28070175438597,0.059011682023728126,46.017699115044245,-0.8288768121543025,11.504424778761061,-0.32056837785336223,44.73684210526316,6,-0.4506330340577472,11.403508771929824,102,2
RVJ,NORTH BRISTOL NHS TRUST,993.2333333333332,958.9777777777778,9545.0,6159.0,5673.0,78974.0,23136.0,ACUTE - LARGE,42476944.0,176394.0,acute_general,eric_trust_type,True,False,False,False,False,False,0.965511069347026,0.3547407019381875,5.711648823707085,0.2929571757793704,240.80719298842365,9.610027855153204,6,True,primary_acute_trusts,0.7458128493359528,75.43859649122807,1.2816728190713647,89.47368421052632,0.039975273807994316,58.77192982456141,-0.9365173298877221,16.8141592920354,-0.788506784364476,15.929203539823009,-2.004381467352783,0.8771929824561403,6,-0.2769907732316116,22.807017543859647,89,3
RVR,EPSOM AND ST HELIER UNIVERSITY HOSPITALS NHS TRUST,707.2555555555556,605.3888888888889,14046.0,10547.0,2291.0,116458.0,38988.0,ACUTE - TEACHING,142100648.0,83159.0,acute_general,eric_trust_type,True,False,False,False,False,False,0.8559690823684665,0.24911006692296744,3.239281730633277,0.3347816380154219,1708.7825490927019,19.8598652066674,6,True,primary_acute_trusts,-1.6030696249916259,7.017543859649122,-0.11813466509111978,51.75438596491229,-1.235080137095511,8.771929824561402,-0.17882558340398919,33.6283185840708,1.4882637430724317,92.03539823008849,-0.46539322796867116,38.59649122807017,6,-0.35203991591308087,15.789473684210526,97,2
RVV,EAST KENT HOSPITALS UNIVERSITY NHS FOUNDATION TRUST,1045.9888888888888,968.5444444444444,28333.0,21058.0,4223.0,158432.0,68948.0,ACUTE - TEACHING,239886177.0,180953.0,acute_general,eric_trust_type,True,False,False,False,False,False,0.9259605477007404,0.2567677266791374,4.037327781259627,0.43518986063421533,1325.6822324028892,27.08728582202913,6,True,primary_acute_trusts,-0.10225947167879017,40.35087719298245,-0.016656060552653822,57.89473684210527,-0.8235098092700374,14.912280701754385,1.6401692700859294,97.34513274336283,0.8940906144404605,88.49557522123894,0.6197864628564528,77.19298245614034,6,0.3686035009802269,83.33333333333334,20,2
RVW,NORTH TEES AND HARTLEPOOL NHS FOUNDATION TRUST,534.0444444444445,500.3555555555556,17130.0,14765.0,4773.0,43068.0,12644.0,ACUTE - MEDIUM,155282354.0,118779.0,acute_general,eric_trust_type,True,False,False,False,False,False,0.9369174434087884,0.13806187974314066,8.937458388814912,0.29358224203585026,1307.3216140900327,32.07598202396804,6,True,primary_acute_trusts,0.13268660709469582,50.877192982456144,-1.589735053506849,5.263157894736842,1.7035979421639953,93.85964912280701,-0.925193632744474,17.699115044247787,0.865614036501736,86.72566371681415,1.3688271082194712,91.22807017543859,6,0.25929950128809587,73.68421052631578,31,4
RWA,HULL UNIVERSITY TEACHING HOSPITALS NHS TRUST,1123.8444444444444,1043.2444444444443,14511.0,9290.0,6157.0,161998.0,70776.0,ACUTE - TEACHING,92577458.0,187183.0,acute_general,eric_trust_type,True,False,False,False,False,False,0.9282818895458049,0.3597960168148301,5.478516204298736,0.43689428264546476,494.5826170111602,12.911929290332786,6,True,primary_acute_trusts,-0.05248349693896316,42.10526315789473,1.3486653880178885,91.22807017543859,-0.08025647036441076,53.50877192982456,1.6710465706274227,98.23008849557522,-0.3949113444954382,41.5929203539823,-1.5086089685241846,3.508771929824561,6,0.16390861305371915,66.66666666666666,39,3
RWD,UNITED LINCOLNSHIRE TEACHING HOSPITALS NHS TRUST,990.0,793.4,23535.0,17550.0,6152.0,135506.0,53082.0,ACUTE - LARGE,126055888.0,163927.0,acute_general,eric_trust_type,True,False,False,False,False,False,0.8014141414141414,0.254302103250478,6.214141414141414,0.39173173143624634,768.9757514015384,23.772727272727273,6,True,primary_acute_trusts,-2.7728780996240183,3.508771929824561,-0.049330276021173056,55.26315789473685,0.2991220235633646,70.17543859649122,0.8528820211767977,87.61061946902655,0.030661331989377243,66.3716814159292,0.12211352901501511,64.03508771929825,6,-0.2529049116501061,26.31578947368421,85,2
RWE,UNIVERSITY HOSPITALS OF LEICESTER NHS TRUST,1777.2333333333331,1714.3,25557.0,16975.0,11166.0,227946.0,93252.0,ACUTE - TEACHING,135858269.0,315205.0,acute_general,eric_trust_type,True,False,False,False,False,False,0.9645891554288502,0.3357984113941386,6.282799107226589,0.40909689136900845,431.01558985422184,14.380216441285146,6,True,primary_acute_trusts,0.7260444709728161,73.68421052631578,1.0306513226378784,84.21052631578947,0.3345303427056349,71.05263157894737,1.1674691707536435,92.92035398230088,-0.4935012379469043,32.743362831858406,-1.2881492109826986,5.263157894736842,6,0.2461741430233951,72.80701754385966,32,3
RWF,MAIDSTONE AND TUNBRIDGE WELLS NHS TRUST,693.7777777777778,614.1555555555556,23091.0,18533.0,3109.0,92362.0,22112.0,ACUTE - LARGE,46592463.0,133097.0,acute_general,eric_trust_type,True,False,False,False,False,False,0.8852338244714926,0.1973929236499069,4.4812620115310695,0.239405816244776,350.0639608706432,33.282991672005124,6,True,primary_acute_trusts,-0.9755528002788456,14.912280701754385,-0.803485502967864,15.789473684210526,-0.5945629251367647,27.192982456140353,-1.9066534885630706,7.079646017699115,-0.6190539471605914,25.663716814159294,1.5500566818651265,92.10526315789474,6,-0.5582086637070017,7.894736842105263,106,1
RWG,WEST HERTFORDSHIRE TEACHING HOSPITALS NHS TRUST,663.0,516.0444444444445,17531.0,15841.0,5632.0,90788.0,29054.0,ACUTE - TEACHING,161985894.0,148668.0,acute_general,eric_trust_type,True,False,False,False,False,False,0.7783475783475784,0.09640066168501515,8.4947209653092,0.3200202669956382,1089.5814432157558,26.441930618401205,6,True,primary_acute_trusts,-3.2674888623503344,0.8771929824561403,-2.1418256930139057,2.631578947368421,1.4752682782431765,91.22807017543859,-0.4462425061931004,27.43362831858407,0.5279078198243395,79.64601769911505,0.5228879429534035,75.43859649122807,6,-0.5549155034227368,9.649122807017543,104,2
RWJ,STOCKPORT NHS FOUNDATION TRUST,622.7888888888889,578.1555555555556,10912.0,7654.0,3663.0,67992.0,25738.0,ACUTE - MEDIUM,67864565.0,104265.0,acute_general,eric_trust_type,True,False,False,False,False,False,0.9283331251895596,0.29857038123167157,5.881607821448323,0.3785445346511354,650.8853881935453,17.521186062692905,6,True,primary_acute_trusts,-0.0513848633556621,42.98245614035088,0.5373088824022466,71.05263157894737,0.12762695802139246,64.03508771929825,0.6139828308670008,73.45132743362832,-0.15249205502646015,59.29203539823009,-0.8165402339977907,20.175438596491226,6,0.04308358648512115,52.63157894736842,55,3
RWP,WORCESTERSHIRE ACUTE HOSPITALS NHS TRUST,880.9333333333333,824.6444444444444,20497.0,14645.0,4148.0,111204.0,41588.0,ACUTE - LARGE,71853140.0,131145.0,acute_general,eric_trust_type,True,False,False,False,False,False,0.9361031229504061,0.28550519588232426,4.708642349023763,0.37397935326067405,547.8908078844028,23.26736794309066,6,True,primary_acute_trusts,0.11522532940621587,48.24561403508772,0.364170244815232,67.54385964912281,-0.4772977623438586,33.33333333333333,0.5312800278702382,69.02654867256636,-0.31223249205661147,49.557522123893804,0.04623505033272763,60.526315789473685,6,0.044563399670657276,53.50877192982456,54,3
RWW,WARRINGTON AND HALTON TEACHING HOSPITALS NHS FOUNDATION TRUST,600.9222222222222,564.3,10384.0,6849.0,1970.0,66264.0,23012.0,ACUTE - TEACHING,44665099.0,94226.0,acute_general,eric_trust_type,True,False,False,False,False,False,0.9390566351718654,0.34042758089368264,3.278294473309543,0.3472775564409031,474.0209602445185,17.280106502967662,6,True,primary_acute_trusts,0.1785567814462087,54.385964912280706,1.091996652143706,85.96491228070175,-1.214960386762758,10.526315789473683,0.04755041163653815,44.24778761061947,-0.4268016442384797,38.05309734513274,-0.8527377456703285,19.298245614035086,6,-0.19606598857418556,33.33333333333333,77,3
RWY,CALDERDALE AND HUDDERSFIELD NHS FOUNDATION TRUST,761.4888888888889,671.8555555555556,16023.0,14066.0,3231.0,72614.0,17446.0,ACUTE - LARGE,43739710.0,126420.0,acute_general,eric_trust_type,True,False,False,False,False,False,0.8822920010505735,0.12213692816576172,4.243003472728864,0.240256699809954,345.9872646733112,21.04167274637406,6,True,primary_acute_trusts,-1.038633612180822,13.157894736842104,-1.8007710507791197,3.508771929824561,-0.7174382214245906,20.175438596491226,-1.8912388861967475,7.964601769911504,-0.6253767384205424,23.893805309734514,-0.287947689815294,46.49122807017544,6,-1.0602343664695193,0.8771929824561403,114,1
RX1,NOTTINGHAM UNIVERSITY HOSPITALS NHS TRUST,1674.4444444444443,1503.0444444444445,25406.0,16714.0,9139.0,166374.0,60754.0,ACUTE - TEACHING,443223670.0,338744.0,acute_general,eric_trust_type,True,False,False,False,False,False,0.897637690776377,0.34212390773832957,5.457929661579297,0.3651652301441331,1308.4325331223579,15.172793629727938,6,True,primary_acute_trusts,-0.70957967909429,21.929824561403507,1.1144762198598364,86.8421052631579,-0.0908734142477652,52.63157894736842,0.3716034180383494,60.17699115044248,0.8673370270823675,87.61061946902655,-1.1691456668301285,8.771929824561402,6,0.0639696508013949,57.01754385964912,50,3
RXC,EAST SUSSEX HEALTHCARE NHS TRUST,702.7222222222222,639.8111111111111,15528.0,11987.0,3475.0,114934.0,38702.0,ACUTE - LARGE,170737063.0,145153.0,acute_general,eric_trust_type,True,False,False,False,False,False,0.910475136374417,0.22803967027305516,4.945054945054945,0.3367323855430073,1176.2558334998243,22.09692465807574,6,True,primary_acute_trusts,-0.434309421432524,29.82456140350877,-0.3973576283968839,40.35087719298245,-0.35537446033107595,40.35087719298245,-0.14348585105350478,36.283185840707965,0.6623363008351019,83.1858407079646,-0.1295041725182543,53.50877192982456,6,-0.13294920548285685,37.719298245614034,72,2
RXF,MID YORKSHIRE TEACHING NHS TRUST,1092.2222222222222,990.0111111111112,23830.0,17711.0,4526.0,107816.0,35718.0,ACUTE - TEACHING,70345000.0,217702.0,acute_general,eric_trust_type,True,False,False,False,False,False,0.9064191251271618,0.2567771716323961,4.14384537131231,0.33128663649180085,323.1251894791963,21.817904374364193,6,True,primary_acute_trusts,-0.5212814948550918,26.31578947368421,-0.01653089689859442,58.77192982456141,-0.7685762882999702,15.789473684210526,-0.2421410133418573,30.973451327433626,-0.6608348942959532,21.238938053097346,-0.17139839195367307,51.75438596491229,6,-0.39679382994085666,13.157894736842104,100,2
RXK,SANDWELL AND WEST BIRMINGHAM HOSPITALS NHS TRUST,563.2555555555556,518.0666666666667,21517.0,16194.0,2688.0,131514.0,48656.0,ACUTE - LARGE,187290044.0,204801.0,acute_general,eric_trust_type,True,False,False,False,False,False,0.9197719606257274,0.24738578798159594,4.772256524569467,0.3699682163115714,914.4977026479363,38.20113230623557,6,True,primary_acute_trusts,-0.23495985554341195,34.21052631578947,-0.1409846514285854,50.0,-0.4444904988242364,36.84210526315789,0.4586142911729396,64.60176991150442,0.25636000486912397,72.56637168141593,2.2885035797175712,96.49122807017544,6,0.36384047832723354,82.45614035087719,21,4
RXL,BLACKPOOL TEACHING HOSPITALS NHS FOUNDATION TRUST,738.0,722.7111111111111,19383.0,16037.0,4229.0,80568.0,30982.0,ACUTE - TEACHING,32065206.0,141380.0,acute_general,eric_trust_type,True,False,False,False,False,False,0.9792833483890394,0.1726254965691585,5.730352303523035,0.3845447323999603,226.80157023624275,26.264227642276424,6,True,primary_acute_trusts,1.0411285156444887,85.96491228070175,-1.1317011743598306,9.649122807017543,0.04962107972769784,60.526315789473685,0.7226823829591759,81.41592920353983,-0.8102289399633197,14.15929203539823,0.4962062717248164,73.68421052631578,6,0.061284689288838075,56.14035087719298,51,4
RXN,LANCASHIRE TEACHING HOSPITALS NHS FOUNDATION TRUST,818.6777777777778,814.5333333333333,15630.0,11282.0,4383.0,130334.0,52884.0,ACUTE - TEACHING,66202910.0,187123.0,acute_general,eric_trust_type,True,False,False,False,False,False,0.9949376365684504,0.27818298144593734,5.3537546993118985,0.4057575153068271,353.7935475596266,19.091760426704305,6,True,primary_acute_trusts,1.3767996511323697,95.6140350877193,0.2671369308791741,64.03508771929825,-0.14459878929090803,49.122807017543856,1.1069730508886713,91.1504424778761,-0.613269508738183,26.548672566371685,-0.5807222992932317,34.21052631578947,6,0.2353865059296488,71.05263157894737,34,3
RXP,COUNTY DURHAM AND DARLINGTON NHS FOUNDATION TRUST,940.1222222222224,917.5555555555557,24568.0,19438.0,5381.0,86054.0,28592.0,ACUTE - MULTI-SERVICE,43987084.0,158141.0,acute_general,eric_trust_type,True,False,False,False,False,False,0.975996028885133,0.20880820579615755,5.7237238656912215,0.3322564901108606,278.1510424241658,26.132772334566422,6,True,primary_acute_trusts,0.9706393143508127,85.08771929824562,-0.6522112312582824,27.192982456140353,0.04620264500294839,59.64912280701754,-0.22457115008069756,32.743362831858406,-0.7305879811483412,18.58407079646018,0.47646857583441027,71.9298245614035,6,-0.01900997121652496,46.49122807017544,62,4
RXQ,BUCKINGHAMSHIRE HEALTHCARE NHS TRUST,475.0,474.22222222222223,13894.0,10874.0,5645.0,91792.0,31596.0,ACUTE - MULTI-SERVICE,259418542.0,178472.0,acute_general,eric_trust_type,True,False,False,False,False,False,0.9983625730994152,0.21736001151576223,11.884210526315789,0.34421300331183546,1453.5531736070643,29.250526315789475,6,True,primary_acute_trusts,1.4502397412308108,99.12280701754386,-0.5388834864456027,34.21052631578947,3.2233044081001183,100.0,-0.007967017361124982,42.47787610619469,1.092413283168288,91.1504424778761,0.9445917807052117,83.33333333333334,6,1.0272831182329503,100.0,1,4
RXR,EAST LANCASHIRE HOSPITALS NHS TRUST,895.2333333333333,871.6888888888889,25345.0,20613.0,6109.0,95446.0,28644.0,ACUTE - LARGE,44552456.0,202551.0,acute_general,eric_trust_type,True,False,False,False,False,False,0.9737002147174542,0.18670349181298085,6.823919276166363,0.3001068667099721,219.95673188480924,28.311054846036413,6,True,primary_acute_trusts,0.9214107234559867,82.45614035087719,-0.9451408729712519,11.403508771929824,0.6135982049533386,78.0701754385965,-0.8069935651241197,18.58407079646018,-0.8208450079775478,12.389380530973451,0.8035324161901954,79.82456140350878,6,-0.039073016912233104,43.859649122807014,65,4
RXW,SHREWSBURY AND TELFORD HOSPITAL NHS TRUST,842.2,790.4555555555555,14083.0,7432.0,6096.0,68550.0,21318.0,ACUTE - MEDIUM,55476305.0,123212.0,acute_general,eric_trust_type,True,False,False,False,False,False,0.938560384179002,0.4722715330540368,7.238185704108288,0.31098468271334795,450.250827841444,16.721681310852528,6,True,primary_acute_trusts,0.16791579078905797,53.50877192982456,2.839180610178532,99.12280701754386,0.8272447350267955,82.45614035087719,-0.6099311053844186,22.123893805309734,-0.46366816019431617,35.39823008849557,-0.9365839350065959,14.912280701754385,6,0.30402632256817586,77.19298245614034,27,3
RYJ,IMPERIAL COLLEGE HEALTHCARE NHS TRUST,1038.7222222222222,1008.3555555555556,23795.0,19060.0,4968.0,167888.0,51866.0,ACUTE - TEACHING,901856265.0,283605.0,acute_general,eric_trust_type,True,False,False,False,False,False,0.9707653634272879,0.19899138474469424,4.782799379579612,0.3089321452396836,3179.9730787539006,22.90795314756378,6,True,primary_acute_trusts,0.8584794132764622,79.82456140350878,-0.7823028431902013,18.421052631578945,-0.43905331097105876,37.719298245614034,-0.6471148638836138,21.238938053097346,3.7700208749264714,99.11504424778761,-0.007730210227704684,58.77192982456141,6,0.45871650998839253,90.35087719298247,12,5
RYR,UNIVERSITY HOSPITALS SUSSEX NHS FOUNDATION TRUST,1828.0,1753.7444444444443,33587.0,21673.0,10761.0,225070.0,101052.0,ACUTE - TEACHING,186407223.0,359520.0,acute_general,eric_trust_type,True,False,False,False,False,False,0.9593787989302212,0.3547205764134933,5.886761487964989,0.4489803172346381,518.4891605473965,18.37363238512035,6,True,primary_acute_trusts,0.6143200500252219,70.17543859649122,1.2814061174645288,88.59649122807018,0.13028481995317268,64.91228070175438,1.8899971121609864,99.11504424778761,-0.35783326037784374,46.017699115044245,-0.6885474844613051,26.31578947368421,6,0.47827122579412684,91.22807017543859,11,3
